target,campaign,campaign_label,variant,label,round,repetitions,performance_metric,performance_value,performance_unit,performance_direction,plot_reference,plot_performance_delta_percent,plot_peak_rss_delta_percent,matched_reference,matched_performance_delta_percent,matched_peak_rss_delta_percent,peak_rss_mib,performance_value_median,peak_rss_mib_median,plot_performance_delta_percent_median,plot_peak_rss_delta_percent_median,matched_performance_delta_percent_median,matched_peak_rss_delta_percent_median,source_json_path
Rsedis,rsedis_allocator_matrix,Allocator matrix,system_ptmalloc,System (ptmalloc),1,5,throughput,60912.22976391293,requests_per_second,higher_is_better,system_ptmalloc,0.0,0.0,system_ptmalloc,0.0,0.0,5.14453125,61416.32985639174,5.14453125,0.0,0.0,0.0,0.0,benchmark-results/rust-alloc-paper-evaluation-20260714.json#live_results.rsedis_current_head
Rsedis,rsedis_allocator_matrix,Allocator matrix,system_ptmalloc,System (ptmalloc),2,5,throughput,61717.835444863216,requests_per_second,higher_is_better,system_ptmalloc,0.0,0.0,system_ptmalloc,0.0,0.0,5.2734375,61416.32985639174,5.14453125,0.0,0.0,0.0,0.0,benchmark-results/rust-alloc-paper-evaluation-20260714.json#live_results.rsedis_current_head
Rsedis,rsedis_allocator_matrix,Allocator matrix,system_ptmalloc,System (ptmalloc),3,5,throughput,61416.32985639174,requests_per_second,higher_is_better,system_ptmalloc,0.0,0.0,system_ptmalloc,0.0,0.0,4.94140625,61416.32985639174,5.14453125,0.0,0.0,0.0,0.0,benchmark-results/rust-alloc-paper-evaluation-20260714.json#live_results.rsedis_current_head
Rsedis,rsedis_allocator_matrix,Allocator matrix,system_ptmalloc,System (ptmalloc),4,5,throughput,63829.62199001583,requests_per_second,higher_is_better,system_ptmalloc,0.0,0.0,system_ptmalloc,0.0,0.0,5.046875,61416.32985639174,5.14453125,0.0,0.0,0.0,0.0,benchmark-results/rust-alloc-paper-evaluation-20260714.json#live_results.rsedis_current_head
Rsedis,rsedis_allocator_matrix,Allocator matrix,system_ptmalloc,System (ptmalloc),5,5,throughput,61366.637879116584,requests_per_second,higher_is_better,system_ptmalloc,0.0,0.0,system_ptmalloc,0.0,0.0,5.19921875,61416.32985639174,5.14453125,0.0,0.0,0.0,0.0,benchmark-results/rust-alloc-paper-evaluation-20260714.json#live_results.rsedis_current_head
Rsedis,rsedis_allocator_matrix,Allocator matrix,jemalloc,jemalloc,1,5,throughput,63066.65987114998,requests_per_second,higher_is_better,system_ptmalloc,3.5369417858898133,207.97266514806378,system_ptmalloc,3.5369417858898133,207.97266514806378,15.84375,63066.65987114998,15.0,2.7404512825188743,203.5573122529644,2.7404512825188743,203.5573122529644,benchmark-results/rust-alloc-paper-evaluation-20260714.json#live_results.rsedis_current_head
Rsedis,rsedis_allocator_matrix,Allocator matrix,jemalloc,jemalloc,2,5,throughput,63409.182657854864,requests_per_second,higher_is_better,system_ptmalloc,2.7404512825188743,182.88888888888889,system_ptmalloc,2.7404512825188743,182.88888888888889,14.91796875,63066.65987114998,15.0,2.7404512825188743,203.5573122529644,2.7404512825188743,203.5573122529644,benchmark-results/rust-alloc-paper-evaluation-20260714.json#live_results.rsedis_current_head
Rsedis,rsedis_allocator_matrix,Allocator matrix,jemalloc,jemalloc,3,5,throughput,61890.18025263415,requests_per_second,higher_is_better,system_ptmalloc,0.7715381191784054,203.5573122529644,system_ptmalloc,0.7715381191784054,203.5573122529644,15.0,63066.65987114998,15.0,2.7404512825188743,203.5573122529644,2.7404512825188743,203.5573122529644,benchmark-results/rust-alloc-paper-evaluation-20260714.json#live_results.rsedis_current_head
Rsedis,rsedis_allocator_matrix,Allocator matrix,jemalloc,jemalloc,4,5,throughput,62306.755306354426,requests_per_second,higher_is_better,system_ptmalloc,-2.385830647562992,207.3529411764706,system_ptmalloc,-2.385830647562992,207.3529411764706,15.51171875,63066.65987114998,15.0,2.7404512825188743,203.5573122529644,2.7404512825188743,203.5573122529644,benchmark-results/rust-alloc-paper-evaluation-20260714.json#live_results.rsedis_current_head
Rsedis,rsedis_allocator_matrix,Allocator matrix,jemalloc,jemalloc,5,5,throughput,63358.07173003309,requests_per_second,higher_is_better,system_ptmalloc,3.245140877424868,179.41397445529677,system_ptmalloc,3.245140877424868,179.41397445529677,14.52734375,63066.65987114998,15.0,2.7404512825188743,203.5573122529644,2.7404512825188743,203.5573122529644,benchmark-results/rust-alloc-paper-evaluation-20260714.json#live_results.rsedis_current_head
Rsedis,rsedis_allocator_matrix,Allocator matrix,mimalloc,mimalloc,1,5,throughput,62707.46156179185,requests_per_second,higher_is_better,system_ptmalloc,2.9472436074610586,1229.384965831435,system_ptmalloc,2.9472436074610586,1229.384965831435,68.390625,62707.46156179185,68.4609375,1.8403506080486354,1229.384965831435,1.8403506080486354,1229.384965831435,benchmark-results/rust-alloc-paper-evaluation-20260714.json#live_results.rsedis_current_head
Rsedis,rsedis_allocator_matrix,Allocator matrix,mimalloc,mimalloc,2,5,throughput,62853.66000474722,requests_per_second,higher_is_better,system_ptmalloc,1.8403506080486354,1197.7777777777778,system_ptmalloc,1.8403506080486354,1197.7777777777778,68.4375,62707.46156179185,68.4609375,1.8403506080486354,1229.384965831435,1.8403506080486354,1229.384965831435,benchmark-results/rust-alloc-paper-evaluation-20260714.json#live_results.rsedis_current_head
Rsedis,rsedis_allocator_matrix,Allocator matrix,mimalloc,mimalloc,3,5,throughput,61557.46442243253,requests_per_second,higher_is_better,system_ptmalloc,0.22979973953312083,1285.691699604743,system_ptmalloc,0.22979973953312083,1285.691699604743,68.47265625,62707.46156179185,68.4609375,1.8403506080486354,1229.384965831435,1.8403506080486354,1229.384965831435,benchmark-results/rust-alloc-paper-evaluation-20260714.json#live_results.rsedis_current_head
Rsedis,rsedis_allocator_matrix,Allocator matrix,mimalloc,mimalloc,4,5,throughput,62086.26111393588,requests_per_second,higher_is_better,system_ptmalloc,-2.7312724433064206,1261.4551083591332,system_ptmalloc,-2.7312724433064206,1261.4551083591332,68.7109375,62707.46156179185,68.4609375,1.8403506080486354,1229.384965831435,1.8403506080486354,1229.384965831435,benchmark-results/rust-alloc-paper-evaluation-20260714.json#live_results.rsedis_current_head
Rsedis,rsedis_allocator_matrix,Allocator matrix,mimalloc,mimalloc,5,5,throughput,62906.770551226284,requests_per_second,higher_is_better,system_ptmalloc,2.509723076476078,1216.7543200601053,system_ptmalloc,2.509723076476078,1216.7543200601053,68.4609375,62707.46156179185,68.4609375,1.8403506080486354,1229.384965831435,1.8403506080486354,1229.384965831435,benchmark-results/rust-alloc-paper-evaluation-20260714.json#live_results.rsedis_current_head
Rsedis,rsedis_allocator_matrix,Allocator matrix,tcmalloc,TCMalloc,1,5,throughput,63476.75501464579,requests_per_second,higher_is_better,system_ptmalloc,4.210197624799794,125.58845861807137,system_ptmalloc,4.210197624799794,125.58845861807137,11.60546875,61856.13569486386,11.63671875,-0.2136970133894911,125.58845861807137,-0.2136970133894911,125.58845861807137,benchmark-results/rust-alloc-paper-evaluation-20260714.json#live_results.rsedis_current_head
Rsedis,rsedis_allocator_matrix,Allocator matrix,tcmalloc,TCMalloc,2,5,throughput,61585.946273788904,requests_per_second,higher_is_better,system_ptmalloc,-0.2136970133894911,122.66666666666666,system_ptmalloc,-0.2136970133894911,122.66666666666666,11.7421875,61856.13569486386,11.63671875,-0.2136970133894911,125.58845861807137,-0.2136970133894911,125.58845861807137,benchmark-results/rust-alloc-paper-evaluation-20260714.json#live_results.rsedis_current_head
Rsedis,rsedis_allocator_matrix,Allocator matrix,tcmalloc,TCMalloc,3,5,throughput,61856.13569486386,requests_per_second,higher_is_better,system_ptmalloc,0.7161056994133386,139.84189723320156,system_ptmalloc,0.7161056994133386,139.84189723320156,11.8515625,61856.13569486386,11.63671875,-0.2136970133894911,125.58845861807137,-0.2136970133894911,125.58845861807137,benchmark-results/rust-alloc-paper-evaluation-20260714.json#live_results.rsedis_current_head
Rsedis,rsedis_allocator_matrix,Allocator matrix,tcmalloc,TCMalloc,4,5,throughput,62090.32524000183,requests_per_second,higher_is_better,system_ptmalloc,-2.724905295986335,130.57275541795667,system_ptmalloc,-2.724905295986335,130.57275541795667,11.63671875,61856.13569486386,11.63671875,-0.2136970133894911,125.58845861807137,-0.2136970133894911,125.58845861807137,benchmark-results/rust-alloc-paper-evaluation-20260714.json#live_results.rsedis_current_head
Rsedis,rsedis_allocator_matrix,Allocator matrix,tcmalloc,TCMalloc,5,5,throughput,61083.80319475786,requests_per_second,higher_is_better,system_ptmalloc,-0.46089323797707804,122.16378662659655,system_ptmalloc,-0.46089323797707804,122.16378662659655,11.55078125,61856.13569486386,11.63671875,-0.2136970133894911,125.58845861807137,-0.2136970133894911,125.58845861807137,benchmark-results/rust-alloc-paper-evaluation-20260714.json#live_results.rsedis_current_head
Rsedis,rsedis_allocator_matrix,Allocator matrix,unialloc,UniAlloc,1,5,throughput,62626.14541795224,requests_per_second,higher_is_better,system_ptmalloc,2.8137463702809784,367.4259681093394,system_ptmalloc,2.8137463702809784,367.4259681093394,24.046875,62626.14541795224,24.359375,2.6140566821845512,369.94740796393694,2.6140566821845512,369.94740796393694,benchmark-results/rust-alloc-paper-evaluation-20260714.json#live_results.rsedis_current_head
Rsedis,rsedis_allocator_matrix,Allocator matrix,unialloc,UniAlloc,2,5,throughput,62408.38721793101,requests_per_second,higher_is_better,system_ptmalloc,1.1188852753669876,365.77777777777777,system_ptmalloc,1.1188852753669876,365.77777777777777,24.5625,62626.14541795224,24.359375,2.6140566821845512,369.94740796393694,2.6140566821845512,369.94740796393694,benchmark-results/rust-alloc-paper-evaluation-20260714.json#live_results.rsedis_current_head
Rsedis,rsedis_allocator_matrix,Allocator matrix,unialloc,UniAlloc,3,5,throughput,63021.787530955255,requests_per_second,higher_is_better,system_ptmalloc,2.6140566821845512,381.501976284585,system_ptmalloc,2.6140566821845512,381.501976284585,23.79296875,62626.14541795224,24.359375,2.6140566821845512,369.94740796393694,2.6140566821845512,369.94740796393694,benchmark-results/rust-alloc-paper-evaluation-20260714.json#live_results.rsedis_current_head
Rsedis,rsedis_allocator_matrix,Allocator matrix,unialloc,UniAlloc,4,5,throughput,61957.62569404398,requests_per_second,higher_is_better,system_ptmalloc,-2.9328017895275504,382.6625386996904,system_ptmalloc,-2.9328017895275504,382.6625386996904,24.359375,62626.14541795224,24.359375,2.6140566821845512,369.94740796393694,2.6140566821845512,369.94740796393694,benchmark-results/rust-alloc-paper-evaluation-20260714.json#live_results.rsedis_current_head
Rsedis,rsedis_allocator_matrix,Allocator matrix,unialloc,UniAlloc,5,5,throughput,63352.65801951096,requests_per_second,higher_is_better,system_ptmalloc,3.236318965863094,369.94740796393694,system_ptmalloc,3.236318965863094,369.94740796393694,24.43359375,62626.14541795224,24.359375,2.6140566821845512,369.94740796393694,2.6140566821845512,369.94740796393694,benchmark-results/rust-alloc-paper-evaluation-20260714.json#live_results.rsedis_current_head
Rsedis,rsedis_thp_mechanism_matrix,THP mechanism matrix,mimalloc_thp_default,mimalloc - THP allowed,1,5,throughput,63305.7071658661,requests_per_second,higher_is_better,mimalloc_thp_default,0.0,0.0,mimalloc_thp_default,0.0,0.0,68.49609375,63162.063785429775,68.390625,0.0,0.0,0.0,0.0,benchmark-results/allocator-feature-thp-evaluation-20260714.json#campaigns.rsedis_thp_matrix
Rsedis,rsedis_thp_mechanism_matrix,THP mechanism matrix,mimalloc_thp_default,mimalloc - THP allowed,2,5,throughput,63074.36834521518,requests_per_second,higher_is_better,mimalloc_thp_default,0.0,0.0,mimalloc_thp_default,0.0,0.0,68.2734375,63162.063785429775,68.390625,0.0,0.0,0.0,0.0,benchmark-results/allocator-feature-thp-evaluation-20260714.json#campaigns.rsedis_thp_matrix
Rsedis,rsedis_thp_mechanism_matrix,THP mechanism matrix,mimalloc_thp_default,mimalloc - THP allowed,3,5,throughput,63162.063785429775,requests_per_second,higher_is_better,mimalloc_thp_default,0.0,0.0,mimalloc_thp_default,0.0,0.0,68.3671875,63162.063785429775,68.390625,0.0,0.0,0.0,0.0,benchmark-results/allocator-feature-thp-evaluation-20260714.json#campaigns.rsedis_thp_matrix
Rsedis,rsedis_thp_mechanism_matrix,THP mechanism matrix,mimalloc_thp_default,mimalloc - THP allowed,4,5,throughput,63171.55618433434,requests_per_second,higher_is_better,mimalloc_thp_default,0.0,0.0,mimalloc_thp_default,0.0,0.0,68.390625,63162.063785429775,68.390625,0.0,0.0,0.0,0.0,benchmark-results/allocator-feature-thp-evaluation-20260714.json#campaigns.rsedis_thp_matrix
Rsedis,rsedis_thp_mechanism_matrix,THP mechanism matrix,mimalloc_thp_default,mimalloc - THP allowed,5,5,throughput,61250.78036212184,requests_per_second,higher_is_better,mimalloc_thp_default,0.0,0.0,mimalloc_thp_default,0.0,0.0,68.49609375,63162.063785429775,68.390625,0.0,0.0,0.0,0.0,benchmark-results/allocator-feature-thp-evaluation-20260714.json#campaigns.rsedis_thp_matrix
Rsedis,rsedis_thp_mechanism_matrix,THP mechanism matrix,mimalloc_thp_off,mimalloc - THP disabled,1,5,throughput,63135.06119763084,requests_per_second,higher_is_better,mimalloc_thp_default,-0.269558584644114,-85.0755631593955,mimalloc_thp_default,-0.269558584644114,-85.0755631593955,10.22265625,63170.550996631464,10.22265625,0.21909824207897444,-85.0755631593955,0.21909824207897444,-85.0755631593955,benchmark-results/allocator-feature-thp-evaluation-20260714.json#campaigns.rsedis_thp_matrix
Rsedis,rsedis_thp_mechanism_matrix,THP mechanism matrix,mimalloc_thp_off,mimalloc - THP disabled,2,5,throughput,61470.6223893663,requests_per_second,higher_is_better,mimalloc_thp_default,-2.542627057430602,-84.24876988213754,mimalloc_thp_default,-2.542627057430602,-84.24876988213754,10.75390625,63170.550996631464,10.22265625,0.21909824207897444,-85.0755631593955,0.21909824207897444,-85.0755631593955,benchmark-results/allocator-feature-thp-evaluation-20260714.json#campaigns.rsedis_thp_matrix
Rsedis,rsedis_thp_mechanism_matrix,THP mechanism matrix,mimalloc_thp_off,mimalloc - THP disabled,3,5,throughput,63300.450756844446,requests_per_second,higher_is_better,mimalloc_thp_default,0.21909824207897444,-82.71626099874301,mimalloc_thp_default,0.21909824207897444,-82.71626099874301,11.81640625,63170.550996631464,10.22265625,0.21909824207897444,-85.0755631593955,0.21909824207897444,-85.0755631593955,benchmark-results/allocator-feature-thp-evaluation-20260714.json#campaigns.rsedis_thp_matrix
Rsedis,rsedis_thp_mechanism_matrix,THP mechanism matrix,mimalloc_thp_off,mimalloc - THP disabled,4,5,throughput,63550.423661838555,requests_per_second,higher_is_better,mimalloc_thp_default,0.5997437777196524,-85.18391592414896,mimalloc_thp_default,0.5997437777196524,-85.18391592414896,10.1328125,63170.550996631464,10.22265625,0.21909824207897444,-85.0755631593955,0.21909824207897444,-85.0755631593955,benchmark-results/allocator-feature-thp-evaluation-20260714.json#campaigns.rsedis_thp_matrix
Rsedis,rsedis_thp_mechanism_matrix,THP mechanism matrix,mimalloc_thp_off,mimalloc - THP disabled,5,5,throughput,63170.550996631464,requests_per_second,higher_is_better,mimalloc_thp_default,3.134279470660961,-85.40062731679498,mimalloc_thp_default,3.134279470660961,-85.40062731679498,10.0,63170.550996631464,10.22265625,0.21909824207897444,-85.0755631593955,0.21909824207897444,-85.0755631593955,benchmark-results/allocator-feature-thp-evaluation-20260714.json#campaigns.rsedis_thp_matrix
Rsedis,rsedis_thp_mechanism_matrix,THP mechanism matrix,tcmalloc_default,TCMalloc - host default,1,5,throughput,62737.69345615959,requests_per_second,higher_is_better,mimalloc_thp_default,-0.8972551372315674,-82.71457085828344,mimalloc_thp_default,-0.8972551372315674,-82.71457085828344,11.83984375,63610.1630901544,11.76953125,0.7094437354784322,-82.7611854903307,0.7094437354784322,-82.7611854903307,benchmark-results/allocator-feature-thp-evaluation-20260714.json#campaigns.rsedis_thp_matrix
Rsedis,rsedis_thp_mechanism_matrix,THP mechanism matrix,tcmalloc_default,TCMalloc - host default,2,5,throughput,62154.02534772609,requests_per_second,higher_is_better,mimalloc_thp_default,-1.4591394597119334,-82.7611854903307,mimalloc_thp_default,-1.4591394597119334,-82.7611854903307,11.76953125,63610.1630901544,11.76953125,0.7094437354784322,-82.7611854903307,0.7094437354784322,-82.7611854903307,benchmark-results/allocator-feature-thp-evaluation-20260714.json#campaigns.rsedis_thp_matrix
Rsedis,rsedis_thp_mechanism_matrix,THP mechanism matrix,tcmalloc_default,TCMalloc - host default,3,5,throughput,63610.1630901544,requests_per_second,higher_is_better,mimalloc_thp_default,0.7094437354784322,-82.80767912238602,mimalloc_thp_default,0.7094437354784322,-82.80767912238602,11.75390625,63610.1630901544,11.76953125,0.7094437354784322,-82.7611854903307,0.7094437354784322,-82.7611854903307,benchmark-results/allocator-feature-thp-evaluation-20260714.json#campaigns.rsedis_thp_matrix
Rsedis,rsedis_thp_mechanism_matrix,THP mechanism matrix,tcmalloc_default,TCMalloc - host default,4,5,throughput,63816.488264860476,requests_per_second,higher_is_better,mimalloc_thp_default,1.020921629101923,-82.58510395247886,mimalloc_thp_default,1.020921629101923,-82.58510395247886,11.91015625,63610.1630901544,11.76953125,0.7094437354784322,-82.7611854903307,0.7094437354784322,-82.7611854903307,benchmark-results/allocator-feature-thp-evaluation-20260714.json#campaigns.rsedis_thp_matrix
Rsedis,rsedis_thp_mechanism_matrix,THP mechanism matrix,tcmalloc_default,TCMalloc - host default,5,5,throughput,64171.80867214389,requests_per_second,higher_is_better,mimalloc_thp_default,4.768965052775798,-82.87425149700599,mimalloc_thp_default,4.768965052775798,-82.87425149700599,11.73046875,63610.1630901544,11.76953125,0.7094437354784322,-82.7611854903307,0.7094437354784322,-82.7611854903307,benchmark-results/allocator-feature-thp-evaluation-20260714.json#campaigns.rsedis_thp_matrix
