row_type,arm,arm_label,comparison,comparison_label,repeat,baseline_arm,candidate_arm,seconds_per_work_unit,normalized_time_percent,peak_rss_kib,speed_improvement_percent,peak_rss_reduction_percent,diagnostic_eligible,preliminary_eligible,claim_eligible,comparison_status,campaign_status,blocked_reasons,caveat
arm_sample,default,Default,,,0,,,0.019827305373342527,100.00611144043428,157440.0,,,True,True,,,THP CAUSAL CLAIM BLOCKED,THP backing: no resident AnonHugePages in measured samples (8 measured runs) | THP allocator activity: allocator THP activity is zero: adaptive_long_routed_allocations (8 measured runs) | THP allocator activity: allocator THP activity is zero: thp_advice_attempts (8 measured runs) | THP allocator activity: allocator THP activity is zero: thp_advice_successes (8 measured runs) | THP allocator activity: allocator THP activity is zero: thp_extent_mappings (8 measured runs) | Runtime THP / Runtime ordinary: diagnostic gate failed | Compiler prior / Runtime THP: diagnostic gate failed | Compiler THP / Compiler ordinary: diagnostic gate failed | Compiler THP / Default: diagnostic gate failed,measured endpoint; backing remains process-level
arm_sample,default,Default,,,1,,,0.019868382636136654,100.21329931812646,157520.0,,,True,True,,,THP CAUSAL CLAIM BLOCKED,THP backing: no resident AnonHugePages in measured samples (8 measured runs) | THP allocator activity: allocator THP activity is zero: adaptive_long_routed_allocations (8 measured runs) | THP allocator activity: allocator THP activity is zero: thp_advice_attempts (8 measured runs) | THP allocator activity: allocator THP activity is zero: thp_advice_successes (8 measured runs) | THP allocator activity: allocator THP activity is zero: thp_extent_mappings (8 measured runs) | Runtime THP / Runtime ordinary: diagnostic gate failed | Compiler prior / Runtime THP: diagnostic gate failed | Compiler THP / Compiler ordinary: diagnostic gate failed | Compiler THP / Default: diagnostic gate failed,measured endpoint; backing remains process-level
arm_sample,default,Default,,,2,,,0.019824882053527046,99.99388855956573,157636.0,,,True,True,,,THP CAUSAL CLAIM BLOCKED,THP backing: no resident AnonHugePages in measured samples (8 measured runs) | THP allocator activity: allocator THP activity is zero: adaptive_long_routed_allocations (8 measured runs) | THP allocator activity: allocator THP activity is zero: thp_advice_attempts (8 measured runs) | THP allocator activity: allocator THP activity is zero: thp_advice_successes (8 measured runs) | THP allocator activity: allocator THP activity is zero: thp_extent_mappings (8 measured runs) | Runtime THP / Runtime ordinary: diagnostic gate failed | Compiler prior / Runtime THP: diagnostic gate failed | Compiler THP / Compiler ordinary: diagnostic gate failed | Compiler THP / Default: diagnostic gate failed,measured endpoint; backing remains process-level
arm_sample,default,Default,,,3,,,0.01976643230475056,99.69907633068536,157424.0,,,True,True,,,THP CAUSAL CLAIM BLOCKED,THP backing: no resident AnonHugePages in measured samples (8 measured runs) | THP allocator activity: allocator THP activity is zero: adaptive_long_routed_allocations (8 measured runs) | THP allocator activity: allocator THP activity is zero: thp_advice_attempts (8 measured runs) | THP allocator activity: allocator THP activity is zero: thp_advice_successes (8 measured runs) | THP allocator activity: allocator THP activity is zero: thp_extent_mappings (8 measured runs) | Runtime THP / Runtime ordinary: diagnostic gate failed | Compiler prior / Runtime THP: diagnostic gate failed | Compiler THP / Compiler ordinary: diagnostic gate failed | Compiler THP / Default: diagnostic gate failed,measured endpoint; backing remains process-level
arm_sample,adaptive-ordinary-all-unknown,Runtime learning / ordinary,,,0,,,0.020186052953285124,101.81558326644253,157412.0,,,True,True,,,THP CAUSAL CLAIM BLOCKED,THP backing: no resident AnonHugePages in measured samples (8 measured runs) | THP allocator activity: allocator THP activity is zero: adaptive_long_routed_allocations (8 measured runs) | THP allocator activity: allocator THP activity is zero: thp_advice_attempts (8 measured runs) | THP allocator activity: allocator THP activity is zero: thp_advice_successes (8 measured runs) | THP allocator activity: allocator THP activity is zero: thp_extent_mappings (8 measured runs) | Runtime THP / Runtime ordinary: diagnostic gate failed | Compiler prior / Runtime THP: diagnostic gate failed | Compiler THP / Compiler ordinary: diagnostic gate failed | Compiler THP / Default: diagnostic gate failed,measured endpoint; backing remains process-level
arm_sample,adaptive-ordinary-all-unknown,Runtime learning / ordinary,,,1,,,0.019793599582423316,99.83610421961512,157884.0,,,True,True,,,THP CAUSAL CLAIM BLOCKED,THP backing: no resident AnonHugePages in measured samples (8 measured runs) | THP allocator activity: allocator THP activity is zero: adaptive_long_routed_allocations (8 measured runs) | THP allocator activity: allocator THP activity is zero: thp_advice_attempts (8 measured runs) | THP allocator activity: allocator THP activity is zero: thp_advice_successes (8 measured runs) | THP allocator activity: allocator THP activity is zero: thp_extent_mappings (8 measured runs) | Runtime THP / Runtime ordinary: diagnostic gate failed | Compiler prior / Runtime THP: diagnostic gate failed | Compiler THP / Compiler ordinary: diagnostic gate failed | Compiler THP / Default: diagnostic gate failed,measured endpoint; backing remains process-level
arm_sample,adaptive-ordinary-all-unknown,Runtime learning / ordinary,,,2,,,0.01976983308889115,99.71622940274153,158152.0,,,True,True,,,THP CAUSAL CLAIM BLOCKED,THP backing: no resident AnonHugePages in measured samples (8 measured runs) | THP allocator activity: allocator THP activity is zero: adaptive_long_routed_allocations (8 measured runs) | THP allocator activity: allocator THP activity is zero: thp_advice_attempts (8 measured runs) | THP allocator activity: allocator THP activity is zero: thp_advice_successes (8 measured runs) | THP allocator activity: allocator THP activity is zero: thp_extent_mappings (8 measured runs) | Runtime THP / Runtime ordinary: diagnostic gate failed | Compiler prior / Runtime THP: diagnostic gate failed | Compiler THP / Compiler ordinary: diagnostic gate failed | Compiler THP / Default: diagnostic gate failed,measured endpoint; backing remains process-level
arm_sample,adaptive-ordinary-all-unknown,Runtime learning / ordinary,,,3,,,0.020118201753703133,101.47335145536212,157588.0,,,True,True,,,THP CAUSAL CLAIM BLOCKED,THP backing: no resident AnonHugePages in measured samples (8 measured runs) | THP allocator activity: allocator THP activity is zero: adaptive_long_routed_allocations (8 measured runs) | THP allocator activity: allocator THP activity is zero: thp_advice_attempts (8 measured runs) | THP allocator activity: allocator THP activity is zero: thp_advice_successes (8 measured runs) | THP allocator activity: allocator THP activity is zero: thp_extent_mappings (8 measured runs) | Runtime THP / Runtime ordinary: diagnostic gate failed | Compiler prior / Runtime THP: diagnostic gate failed | Compiler THP / Compiler ordinary: diagnostic gate failed | Compiler THP / Default: diagnostic gate failed,measured endpoint; backing remains process-level
arm_sample,adaptive-ordinary-compiler-prior,Compiler prior / ordinary,,,0,,,0.019845186843567397,100.09630303583036,157932.0,,,True,True,,,THP CAUSAL CLAIM BLOCKED,THP backing: no resident AnonHugePages in measured samples (8 measured runs) | THP allocator activity: allocator THP activity is zero: adaptive_long_routed_allocations (8 measured runs) | THP allocator activity: allocator THP activity is zero: thp_advice_attempts (8 measured runs) | THP allocator activity: allocator THP activity is zero: thp_advice_successes (8 measured runs) | THP allocator activity: allocator THP activity is zero: thp_extent_mappings (8 measured runs) | Runtime THP / Runtime ordinary: diagnostic gate failed | Compiler prior / Runtime THP: diagnostic gate failed | Compiler THP / Compiler ordinary: diagnostic gate failed | Compiler THP / Default: diagnostic gate failed,measured endpoint; backing remains process-level
arm_sample,adaptive-ordinary-compiler-prior,Compiler prior / ordinary,,,1,,,0.019842344642803305,100.08196737896738,157984.0,,,True,True,,,THP CAUSAL CLAIM BLOCKED,THP backing: no resident AnonHugePages in measured samples (8 measured runs) | THP allocator activity: allocator THP activity is zero: adaptive_long_routed_allocations (8 measured runs) | THP allocator activity: allocator THP activity is zero: thp_advice_attempts (8 measured runs) | THP allocator activity: allocator THP activity is zero: thp_advice_successes (8 measured runs) | THP allocator activity: allocator THP activity is zero: thp_extent_mappings (8 measured runs) | Runtime THP / Runtime ordinary: diagnostic gate failed | Compiler prior / Runtime THP: diagnostic gate failed | Compiler THP / Compiler ordinary: diagnostic gate failed | Compiler THP / Default: diagnostic gate failed,measured endpoint; backing remains process-level
arm_sample,adaptive-ordinary-compiler-prior,Compiler prior / ordinary,,,2,,,0.01975197048184577,99.6261329505429,157908.0,,,True,True,,,THP CAUSAL CLAIM BLOCKED,THP backing: no resident AnonHugePages in measured samples (8 measured runs) | THP allocator activity: allocator THP activity is zero: adaptive_long_routed_allocations (8 measured runs) | THP allocator activity: allocator THP activity is zero: thp_advice_attempts (8 measured runs) | THP allocator activity: allocator THP activity is zero: thp_advice_successes (8 measured runs) | THP allocator activity: allocator THP activity is zero: thp_extent_mappings (8 measured runs) | Runtime THP / Runtime ordinary: diagnostic gate failed | Compiler prior / Runtime THP: diagnostic gate failed | Compiler THP / Compiler ordinary: diagnostic gate failed | Compiler THP / Default: diagnostic gate failed,measured endpoint; backing remains process-level
arm_sample,adaptive-ordinary-compiler-prior,Compiler prior / ordinary,,,3,,,0.019756659522412432,99.64978380498977,157896.0,,,True,True,,,THP CAUSAL CLAIM BLOCKED,THP backing: no resident AnonHugePages in measured samples (8 measured runs) | THP allocator activity: allocator THP activity is zero: adaptive_long_routed_allocations (8 measured runs) | THP allocator activity: allocator THP activity is zero: thp_advice_attempts (8 measured runs) | THP allocator activity: allocator THP activity is zero: thp_advice_successes (8 measured runs) | THP allocator activity: allocator THP activity is zero: thp_extent_mappings (8 measured runs) | Runtime THP / Runtime ordinary: diagnostic gate failed | Compiler prior / Runtime THP: diagnostic gate failed | Compiler THP / Compiler ordinary: diagnostic gate failed | Compiler THP / Default: diagnostic gate failed,measured endpoint; backing remains process-level
arm_sample,adaptive-selective-thp-all-unknown,Runtime learning / selective THP,,,0,,,0.019865283225787143,100.19766633265634,157736.0,,,False,False,,,THP CAUSAL CLAIM BLOCKED,THP backing: no resident AnonHugePages in measured samples (8 measured runs) | THP allocator activity: allocator THP activity is zero: adaptive_long_routed_allocations (8 measured runs) | THP allocator activity: allocator THP activity is zero: thp_advice_attempts (8 measured runs) | THP allocator activity: allocator THP activity is zero: thp_advice_successes (8 measured runs) | THP allocator activity: allocator THP activity is zero: thp_extent_mappings (8 measured runs) | Runtime THP / Runtime ordinary: diagnostic gate failed | Compiler prior / Runtime THP: diagnostic gate failed | Compiler THP / Compiler ordinary: diagnostic gate failed | Compiler THP / Default: diagnostic gate failed,measured endpoint; backing remains process-level
arm_sample,adaptive-selective-thp-all-unknown,Runtime learning / selective THP,,,1,,,0.01976428894812249,99.6882655443598,157732.0,,,False,False,,,THP CAUSAL CLAIM BLOCKED,THP backing: no resident AnonHugePages in measured samples (8 measured runs) | THP allocator activity: allocator THP activity is zero: adaptive_long_routed_allocations (8 measured runs) | THP allocator activity: allocator THP activity is zero: thp_advice_attempts (8 measured runs) | THP allocator activity: allocator THP activity is zero: thp_advice_successes (8 measured runs) | THP allocator activity: allocator THP activity is zero: thp_extent_mappings (8 measured runs) | Runtime THP / Runtime ordinary: diagnostic gate failed | Compiler prior / Runtime THP: diagnostic gate failed | Compiler THP / Compiler ordinary: diagnostic gate failed | Compiler THP / Default: diagnostic gate failed,measured endpoint; backing remains process-level
arm_sample,adaptive-selective-thp-all-unknown,Runtime learning / selective THP,,,2,,,0.019773208492903774,99.733254461038,157832.0,,,False,False,,,THP CAUSAL CLAIM BLOCKED,THP backing: no resident AnonHugePages in measured samples (8 measured runs) | THP allocator activity: allocator THP activity is zero: adaptive_long_routed_allocations (8 measured runs) | THP allocator activity: allocator THP activity is zero: thp_advice_attempts (8 measured runs) | THP allocator activity: allocator THP activity is zero: thp_advice_successes (8 measured runs) | THP allocator activity: allocator THP activity is zero: thp_extent_mappings (8 measured runs) | Runtime THP / Runtime ordinary: diagnostic gate failed | Compiler prior / Runtime THP: diagnostic gate failed | Compiler THP / Compiler ordinary: diagnostic gate failed | Compiler THP / Default: diagnostic gate failed,measured endpoint; backing remains process-level
arm_sample,adaptive-selective-thp-all-unknown,Runtime learning / selective THP,,,3,,,0.019781884314666716,99.7770140734374,157880.0,,,False,False,,,THP CAUSAL CLAIM BLOCKED,THP backing: no resident AnonHugePages in measured samples (8 measured runs) | THP allocator activity: allocator THP activity is zero: adaptive_long_routed_allocations (8 measured runs) | THP allocator activity: allocator THP activity is zero: thp_advice_attempts (8 measured runs) | THP allocator activity: allocator THP activity is zero: thp_advice_successes (8 measured runs) | THP allocator activity: allocator THP activity is zero: thp_extent_mappings (8 measured runs) | Runtime THP / Runtime ordinary: diagnostic gate failed | Compiler prior / Runtime THP: diagnostic gate failed | Compiler THP / Compiler ordinary: diagnostic gate failed | Compiler THP / Default: diagnostic gate failed,measured endpoint; backing remains process-level
arm_sample,adaptive-selective-thp-compiler-prior,Compiler prior / selective THP,,,0,,,0.019799653628941507,99.86663997015528,157904.0,,,False,False,,,THP CAUSAL CLAIM BLOCKED,THP backing: no resident AnonHugePages in measured samples (8 measured runs) | THP allocator activity: allocator THP activity is zero: adaptive_long_routed_allocations (8 measured runs) | THP allocator activity: allocator THP activity is zero: thp_advice_attempts (8 measured runs) | THP allocator activity: allocator THP activity is zero: thp_advice_successes (8 measured runs) | THP allocator activity: allocator THP activity is zero: thp_extent_mappings (8 measured runs) | Runtime THP / Runtime ordinary: diagnostic gate failed | Compiler prior / Runtime THP: diagnostic gate failed | Compiler THP / Compiler ordinary: diagnostic gate failed | Compiler THP / Default: diagnostic gate failed,measured endpoint; backing remains process-level
arm_sample,adaptive-selective-thp-compiler-prior,Compiler prior / selective THP,,,1,,,0.019817407566289576,99.95618830783935,157896.0,,,False,False,,,THP CAUSAL CLAIM BLOCKED,THP backing: no resident AnonHugePages in measured samples (8 measured runs) | THP allocator activity: allocator THP activity is zero: adaptive_long_routed_allocations (8 measured runs) | THP allocator activity: allocator THP activity is zero: thp_advice_attempts (8 measured runs) | THP allocator activity: allocator THP activity is zero: thp_advice_successes (8 measured runs) | THP allocator activity: allocator THP activity is zero: thp_extent_mappings (8 measured runs) | Runtime THP / Runtime ordinary: diagnostic gate failed | Compiler prior / Runtime THP: diagnostic gate failed | Compiler THP / Compiler ordinary: diagnostic gate failed | Compiler THP / Default: diagnostic gate failed,measured endpoint; backing remains process-level
arm_sample,adaptive-selective-thp-compiler-prior,Compiler prior / selective THP,,,2,,,0.019769528988109047,99.71469556160017,157856.0,,,False,False,,,THP CAUSAL CLAIM BLOCKED,THP backing: no resident AnonHugePages in measured samples (8 measured runs) | THP allocator activity: allocator THP activity is zero: adaptive_long_routed_allocations (8 measured runs) | THP allocator activity: allocator THP activity is zero: thp_advice_attempts (8 measured runs) | THP allocator activity: allocator THP activity is zero: thp_advice_successes (8 measured runs) | THP allocator activity: allocator THP activity is zero: thp_extent_mappings (8 measured runs) | Runtime THP / Runtime ordinary: diagnostic gate failed | Compiler prior / Runtime THP: diagnostic gate failed | Compiler THP / Compiler ordinary: diagnostic gate failed | Compiler THP / Default: diagnostic gate failed,measured endpoint; backing remains process-level
arm_sample,adaptive-selective-thp-compiler-prior,Compiler prior / selective THP,,,3,,,0.019787130175275013,99.80347344906693,158048.0,,,False,False,,,THP CAUSAL CLAIM BLOCKED,THP backing: no resident AnonHugePages in measured samples (8 measured runs) | THP allocator activity: allocator THP activity is zero: adaptive_long_routed_allocations (8 measured runs) | THP allocator activity: allocator THP activity is zero: thp_advice_attempts (8 measured runs) | THP allocator activity: allocator THP activity is zero: thp_advice_successes (8 measured runs) | THP allocator activity: allocator THP activity is zero: thp_extent_mappings (8 measured runs) | Runtime THP / Runtime ordinary: diagnostic gate failed | Compiler prior / Runtime THP: diagnostic gate failed | Compiler THP / Compiler ordinary: diagnostic gate failed | Compiler THP / Default: diagnostic gate failed,measured endpoint; backing remains process-level
paired_effect,,,runtime_only_vs_default,Runtime ordinary / Default,0,default,adaptive-ordinary-all-unknown,,,,-1.8093612479733476,0.017784552845528455,True,True,True,CLAIM ELIGIBLE,THP CAUSAL CLAIM BLOCKED,THP backing: no resident AnonHugePages in measured samples (8 measured runs) | THP allocator activity: allocator THP activity is zero: adaptive_long_routed_allocations (8 measured runs) | THP allocator activity: allocator THP activity is zero: thp_advice_attempts (8 measured runs) | THP allocator activity: allocator THP activity is zero: thp_advice_successes (8 measured runs) | THP allocator activity: allocator THP activity is zero: thp_extent_mappings (8 measured runs) | Runtime THP / Runtime ordinary: diagnostic gate failed | Compiler prior / Runtime THP: diagnostic gate failed | Compiler THP / Compiler ordinary: diagnostic gate failed | Compiler THP / Default: diagnostic gate failed,paired repeat; positive values indicate improvement or reduction
paired_effect,,,runtime_only_vs_default,Runtime ordinary / Default,1,default,adaptive-ordinary-all-unknown,,,,0.3763922563949527,-0.23108176739461656,True,True,True,CLAIM ELIGIBLE,THP CAUSAL CLAIM BLOCKED,THP backing: no resident AnonHugePages in measured samples (8 measured runs) | THP allocator activity: allocator THP activity is zero: adaptive_long_routed_allocations (8 measured runs) | THP allocator activity: allocator THP activity is zero: thp_advice_attempts (8 measured runs) | THP allocator activity: allocator THP activity is zero: thp_advice_successes (8 measured runs) | THP allocator activity: allocator THP activity is zero: thp_extent_mappings (8 measured runs) | Runtime THP / Runtime ordinary: diagnostic gate failed | Compiler prior / Runtime THP: diagnostic gate failed | Compiler THP / Compiler ordinary: diagnostic gate failed | Compiler THP / Default: diagnostic gate failed,paired repeat; positive values indicate improvement or reduction
paired_effect,,,runtime_only_vs_default,Runtime ordinary / Default,2,default,adaptive-ordinary-all-unknown,,,,0.2776761268352852,-0.32733639523966607,True,True,True,CLAIM ELIGIBLE,THP CAUSAL CLAIM BLOCKED,THP backing: no resident AnonHugePages in measured samples (8 measured runs) | THP allocator activity: allocator THP activity is zero: adaptive_long_routed_allocations (8 measured runs) | THP allocator activity: allocator THP activity is zero: thp_advice_attempts (8 measured runs) | THP allocator activity: allocator THP activity is zero: thp_advice_successes (8 measured runs) | THP allocator activity: allocator THP activity is zero: thp_extent_mappings (8 measured runs) | Runtime THP / Runtime ordinary: diagnostic gate failed | Compiler prior / Runtime THP: diagnostic gate failed | Compiler THP / Compiler ordinary: diagnostic gate failed | Compiler THP / Default: diagnostic gate failed,paired repeat; positive values indicate improvement or reduction
paired_effect,,,runtime_only_vs_default,Runtime ordinary / Default,3,default,adaptive-ordinary-all-unknown,,,,-1.7796304539389864,-0.10417725378595387,True,True,True,CLAIM ELIGIBLE,THP CAUSAL CLAIM BLOCKED,THP backing: no resident AnonHugePages in measured samples (8 measured runs) | THP allocator activity: allocator THP activity is zero: adaptive_long_routed_allocations (8 measured runs) | THP allocator activity: allocator THP activity is zero: thp_advice_attempts (8 measured runs) | THP allocator activity: allocator THP activity is zero: thp_advice_successes (8 measured runs) | THP allocator activity: allocator THP activity is zero: thp_extent_mappings (8 measured runs) | Runtime THP / Runtime ordinary: diagnostic gate failed | Compiler prior / Runtime THP: diagnostic gate failed | Compiler THP / Compiler ordinary: diagnostic gate failed | Compiler THP / Default: diagnostic gate failed,paired repeat; positive values indicate improvement or reduction
paired_median,,,runtime_only_vs_default,Runtime ordinary / Default,,default,adaptive-ordinary-all-unknown,,,,-0.7509771635518506,-0.16762951059028522,True,True,True,CLAIM ELIGIBLE,THP CAUSAL CLAIM BLOCKED,THP backing: no resident AnonHugePages in measured samples (8 measured runs) | THP allocator activity: allocator THP activity is zero: adaptive_long_routed_allocations (8 measured runs) | THP allocator activity: allocator THP activity is zero: thp_advice_attempts (8 measured runs) | THP allocator activity: allocator THP activity is zero: thp_advice_successes (8 measured runs) | THP allocator activity: allocator THP activity is zero: thp_extent_mappings (8 measured runs) | Runtime THP / Runtime ordinary: diagnostic gate failed | Compiler prior / Runtime THP: diagnostic gate failed | Compiler THP / Compiler ordinary: diagnostic gate failed | Compiler THP / Default: diagnostic gate failed,median of eligible paired repeats
paired_effect,,,compiler_prior_vs_runtime_only,Compiler prior / Runtime ordinary,0,adaptive-ordinary-all-unknown,adaptive-ordinary-compiler-prior,,,,1.6886218940699516,-0.33034330292480873,True,True,True,CLAIM ELIGIBLE,THP CAUSAL CLAIM BLOCKED,THP backing: no resident AnonHugePages in measured samples (8 measured runs) | THP allocator activity: allocator THP activity is zero: adaptive_long_routed_allocations (8 measured runs) | THP allocator activity: allocator THP activity is zero: thp_advice_attempts (8 measured runs) | THP allocator activity: allocator THP activity is zero: thp_advice_successes (8 measured runs) | THP allocator activity: allocator THP activity is zero: thp_extent_mappings (8 measured runs) | Runtime THP / Runtime ordinary: diagnostic gate failed | Compiler prior / Runtime THP: diagnostic gate failed | Compiler THP / Compiler ordinary: diagnostic gate failed | Compiler THP / Default: diagnostic gate failed,paired repeat; positive values indicate improvement or reduction
paired_effect,,,compiler_prior_vs_runtime_only,Compiler prior / Runtime ordinary,1,adaptive-ordinary-all-unknown,adaptive-ordinary-compiler-prior,,,,-0.2462667802135094,-0.06333764029287325,True,True,True,CLAIM ELIGIBLE,THP CAUSAL CLAIM BLOCKED,THP backing: no resident AnonHugePages in measured samples (8 measured runs) | THP allocator activity: allocator THP activity is zero: adaptive_long_routed_allocations (8 measured runs) | THP allocator activity: allocator THP activity is zero: thp_advice_attempts (8 measured runs) | THP allocator activity: allocator THP activity is zero: thp_advice_successes (8 measured runs) | THP allocator activity: allocator THP activity is zero: thp_extent_mappings (8 measured runs) | Runtime THP / Runtime ordinary: diagnostic gate failed | Compiler prior / Runtime THP: diagnostic gate failed | Compiler THP / Compiler ordinary: diagnostic gate failed | Compiler THP / Default: diagnostic gate failed,paired repeat; positive values indicate improvement or reduction
paired_effect,,,compiler_prior_vs_runtime_only,Compiler prior / Runtime ordinary,2,adaptive-ordinary-all-unknown,adaptive-ordinary-compiler-prior,,,,0.09035284701223319,0.15428195659871516,True,True,True,CLAIM ELIGIBLE,THP CAUSAL CLAIM BLOCKED,THP backing: no resident AnonHugePages in measured samples (8 measured runs) | THP allocator activity: allocator THP activity is zero: adaptive_long_routed_allocations (8 measured runs) | THP allocator activity: allocator THP activity is zero: thp_advice_attempts (8 measured runs) | THP allocator activity: allocator THP activity is zero: thp_advice_successes (8 measured runs) | THP allocator activity: allocator THP activity is zero: thp_extent_mappings (8 measured runs) | Runtime THP / Runtime ordinary: diagnostic gate failed | Compiler prior / Runtime THP: diagnostic gate failed | Compiler THP / Compiler ordinary: diagnostic gate failed | Compiler THP / Default: diagnostic gate failed,paired repeat; positive values indicate improvement or reduction
paired_effect,,,compiler_prior_vs_runtime_only,Compiler prior / Runtime ordinary,3,adaptive-ordinary-all-unknown,adaptive-ordinary-compiler-prior,,,,1.7970901958180863,-0.19544635378328298,True,True,True,CLAIM ELIGIBLE,THP CAUSAL CLAIM BLOCKED,THP backing: no resident AnonHugePages in measured samples (8 measured runs) | THP allocator activity: allocator THP activity is zero: adaptive_long_routed_allocations (8 measured runs) | THP allocator activity: allocator THP activity is zero: thp_advice_attempts (8 measured runs) | THP allocator activity: allocator THP activity is zero: thp_advice_successes (8 measured runs) | THP allocator activity: allocator THP activity is zero: thp_extent_mappings (8 measured runs) | Runtime THP / Runtime ordinary: diagnostic gate failed | Compiler prior / Runtime THP: diagnostic gate failed | Compiler THP / Compiler ordinary: diagnostic gate failed | Compiler THP / Default: diagnostic gate failed,paired repeat; positive values indicate improvement or reduction
paired_median,,,compiler_prior_vs_runtime_only,Compiler prior / Runtime ordinary,,adaptive-ordinary-all-unknown,adaptive-ordinary-compiler-prior,,,,0.8894873705410924,-0.12939199703807813,True,True,True,CLAIM ELIGIBLE,THP CAUSAL CLAIM BLOCKED,THP backing: no resident AnonHugePages in measured samples (8 measured runs) | THP allocator activity: allocator THP activity is zero: adaptive_long_routed_allocations (8 measured runs) | THP allocator activity: allocator THP activity is zero: thp_advice_attempts (8 measured runs) | THP allocator activity: allocator THP activity is zero: thp_advice_successes (8 measured runs) | THP allocator activity: allocator THP activity is zero: thp_extent_mappings (8 measured runs) | Runtime THP / Runtime ordinary: diagnostic gate failed | Compiler prior / Runtime THP: diagnostic gate failed | Compiler THP / Compiler ordinary: diagnostic gate failed | Compiler THP / Default: diagnostic gate failed,median of eligible paired repeats
paired_effect,,,runtime_thp_vs_runtime_ordinary,Runtime THP / Runtime ordinary,0,adaptive-ordinary-all-unknown,adaptive-selective-thp-all-unknown,,,,1.5890661153040209,-0.20582928874545778,False,False,False,BLOCKED,THP CAUSAL CLAIM BLOCKED,THP backing: no resident AnonHugePages in measured samples (8 measured runs) | THP allocator activity: allocator THP activity is zero: adaptive_long_routed_allocations (8 measured runs) | THP allocator activity: allocator THP activity is zero: thp_advice_attempts (8 measured runs) | THP allocator activity: allocator THP activity is zero: thp_advice_successes (8 measured runs) | THP allocator activity: allocator THP activity is zero: thp_extent_mappings (8 measured runs) | Runtime THP / Runtime ordinary: diagnostic gate failed | Compiler prior / Runtime THP: diagnostic gate failed | Compiler THP / Compiler ordinary: diagnostic gate failed | Compiler THP / Default: diagnostic gate failed,paired repeat; positive values indicate improvement or reduction
paired_effect,,,runtime_thp_vs_runtime_ordinary,Runtime THP / Runtime ordinary,1,adaptive-ordinary-all-unknown,adaptive-selective-thp-all-unknown,,,,0.14808137437948682,0.09627321324516734,False,False,False,BLOCKED,THP CAUSAL CLAIM BLOCKED,THP backing: no resident AnonHugePages in measured samples (8 measured runs) | THP allocator activity: allocator THP activity is zero: adaptive_long_routed_allocations (8 measured runs) | THP allocator activity: allocator THP activity is zero: thp_advice_attempts (8 measured runs) | THP allocator activity: allocator THP activity is zero: thp_advice_successes (8 measured runs) | THP allocator activity: allocator THP activity is zero: thp_extent_mappings (8 measured runs) | Runtime THP / Runtime ordinary: diagnostic gate failed | Compiler prior / Runtime THP: diagnostic gate failed | Compiler THP / Compiler ordinary: diagnostic gate failed | Compiler THP / Default: diagnostic gate failed,paired repeat; positive values indicate improvement or reduction
paired_effect,,,runtime_thp_vs_runtime_ordinary,Runtime THP / Runtime ordinary,2,adaptive-ordinary-all-unknown,adaptive-selective-thp-all-unknown,,,,-0.017073507891789002,0.20233699226061005,False,False,False,BLOCKED,THP CAUSAL CLAIM BLOCKED,THP backing: no resident AnonHugePages in measured samples (8 measured runs) | THP allocator activity: allocator THP activity is zero: adaptive_long_routed_allocations (8 measured runs) | THP allocator activity: allocator THP activity is zero: thp_advice_attempts (8 measured runs) | THP allocator activity: allocator THP activity is zero: thp_advice_successes (8 measured runs) | THP allocator activity: allocator THP activity is zero: thp_extent_mappings (8 measured runs) | Runtime THP / Runtime ordinary: diagnostic gate failed | Compiler prior / Runtime THP: diagnostic gate failed | Compiler THP / Compiler ordinary: diagnostic gate failed | Compiler THP / Default: diagnostic gate failed,paired repeat; positive values indicate improvement or reduction
paired_effect,,,runtime_thp_vs_runtime_ordinary,Runtime THP / Runtime ordinary,3,adaptive-ordinary-all-unknown,adaptive-selective-thp-all-unknown,,,,1.671707258699262,-0.18529329644389167,False,False,False,BLOCKED,THP CAUSAL CLAIM BLOCKED,THP backing: no resident AnonHugePages in measured samples (8 measured runs) | THP allocator activity: allocator THP activity is zero: adaptive_long_routed_allocations (8 measured runs) | THP allocator activity: allocator THP activity is zero: thp_advice_attempts (8 measured runs) | THP allocator activity: allocator THP activity is zero: thp_advice_successes (8 measured runs) | THP allocator activity: allocator THP activity is zero: thp_extent_mappings (8 measured runs) | Runtime THP / Runtime ordinary: diagnostic gate failed | Compiler prior / Runtime THP: diagnostic gate failed | Compiler THP / Compiler ordinary: diagnostic gate failed | Compiler THP / Default: diagnostic gate failed,paired repeat; positive values indicate improvement or reduction
paired_median,,,runtime_thp_vs_runtime_ordinary,Runtime THP / Runtime ordinary,,adaptive-ordinary-all-unknown,adaptive-selective-thp-all-unknown,,,,,,False,False,False,BLOCKED,THP CAUSAL CLAIM BLOCKED,THP backing: no resident AnonHugePages in measured samples (8 measured runs) | THP allocator activity: allocator THP activity is zero: adaptive_long_routed_allocations (8 measured runs) | THP allocator activity: allocator THP activity is zero: thp_advice_attempts (8 measured runs) | THP allocator activity: allocator THP activity is zero: thp_advice_successes (8 measured runs) | THP allocator activity: allocator THP activity is zero: thp_extent_mappings (8 measured runs) | Runtime THP / Runtime ordinary: diagnostic gate failed | Compiler prior / Runtime THP: diagnostic gate failed | Compiler THP / Compiler ordinary: diagnostic gate failed | Compiler THP / Default: diagnostic gate failed,median of eligible paired repeats
paired_effect,,,compiler_prior_thp_vs_runtime_thp,Compiler prior / Runtime THP,0,adaptive-selective-thp-all-unknown,adaptive-selective-thp-compiler-prior,,,,0.3303733256641549,-0.10650707511284678,False,False,False,BLOCKED,THP CAUSAL CLAIM BLOCKED,THP backing: no resident AnonHugePages in measured samples (8 measured runs) | THP allocator activity: allocator THP activity is zero: adaptive_long_routed_allocations (8 measured runs) | THP allocator activity: allocator THP activity is zero: thp_advice_attempts (8 measured runs) | THP allocator activity: allocator THP activity is zero: thp_advice_successes (8 measured runs) | THP allocator activity: allocator THP activity is zero: thp_extent_mappings (8 measured runs) | Runtime THP / Runtime ordinary: diagnostic gate failed | Compiler prior / Runtime THP: diagnostic gate failed | Compiler THP / Compiler ordinary: diagnostic gate failed | Compiler THP / Default: diagnostic gate failed,paired repeat; positive values indicate improvement or reduction
paired_effect,,,compiler_prior_thp_vs_runtime_thp,Compiler prior / Runtime THP,1,adaptive-selective-thp-all-unknown,adaptive-selective-thp-compiler-prior,,,,-0.2687605828194027,-0.10397382902644992,False,False,False,BLOCKED,THP CAUSAL CLAIM BLOCKED,THP backing: no resident AnonHugePages in measured samples (8 measured runs) | THP allocator activity: allocator THP activity is zero: adaptive_long_routed_allocations (8 measured runs) | THP allocator activity: allocator THP activity is zero: thp_advice_attempts (8 measured runs) | THP allocator activity: allocator THP activity is zero: thp_advice_successes (8 measured runs) | THP allocator activity: allocator THP activity is zero: thp_extent_mappings (8 measured runs) | Runtime THP / Runtime ordinary: diagnostic gate failed | Compiler prior / Runtime THP: diagnostic gate failed | Compiler THP / Compiler ordinary: diagnostic gate failed | Compiler THP / Default: diagnostic gate failed,paired repeat; positive values indicate improvement or reduction
paired_effect,,,compiler_prior_thp_vs_runtime_thp,Compiler prior / Runtime THP,2,adaptive-selective-thp-all-unknown,adaptive-selective-thp-compiler-prior,,,,0.018608536879823244,-0.01520604186730194,False,False,False,BLOCKED,THP CAUSAL CLAIM BLOCKED,THP backing: no resident AnonHugePages in measured samples (8 measured runs) | THP allocator activity: allocator THP activity is zero: adaptive_long_routed_allocations (8 measured runs) | THP allocator activity: allocator THP activity is zero: thp_advice_attempts (8 measured runs) | THP allocator activity: allocator THP activity is zero: thp_advice_successes (8 measured runs) | THP allocator activity: allocator THP activity is zero: thp_extent_mappings (8 measured runs) | Runtime THP / Runtime ordinary: diagnostic gate failed | Compiler prior / Runtime THP: diagnostic gate failed | Compiler THP / Compiler ordinary: diagnostic gate failed | Compiler THP / Default: diagnostic gate failed,paired repeat; positive values indicate improvement or reduction
paired_effect,,,compiler_prior_thp_vs_runtime_thp,Compiler prior / Runtime THP,3,adaptive-selective-thp-all-unknown,adaptive-selective-thp-compiler-prior,,,,-0.026518508170669974,-0.10640993159361539,False,False,False,BLOCKED,THP CAUSAL CLAIM BLOCKED,THP backing: no resident AnonHugePages in measured samples (8 measured runs) | THP allocator activity: allocator THP activity is zero: adaptive_long_routed_allocations (8 measured runs) | THP allocator activity: allocator THP activity is zero: thp_advice_attempts (8 measured runs) | THP allocator activity: allocator THP activity is zero: thp_advice_successes (8 measured runs) | THP allocator activity: allocator THP activity is zero: thp_extent_mappings (8 measured runs) | Runtime THP / Runtime ordinary: diagnostic gate failed | Compiler prior / Runtime THP: diagnostic gate failed | Compiler THP / Compiler ordinary: diagnostic gate failed | Compiler THP / Default: diagnostic gate failed,paired repeat; positive values indicate improvement or reduction
paired_median,,,compiler_prior_thp_vs_runtime_thp,Compiler prior / Runtime THP,,adaptive-selective-thp-all-unknown,adaptive-selective-thp-compiler-prior,,,,,,False,False,False,BLOCKED,THP CAUSAL CLAIM BLOCKED,THP backing: no resident AnonHugePages in measured samples (8 measured runs) | THP allocator activity: allocator THP activity is zero: adaptive_long_routed_allocations (8 measured runs) | THP allocator activity: allocator THP activity is zero: thp_advice_attempts (8 measured runs) | THP allocator activity: allocator THP activity is zero: thp_advice_successes (8 measured runs) | THP allocator activity: allocator THP activity is zero: thp_extent_mappings (8 measured runs) | Runtime THP / Runtime ordinary: diagnostic gate failed | Compiler prior / Runtime THP: diagnostic gate failed | Compiler THP / Compiler ordinary: diagnostic gate failed | Compiler THP / Default: diagnostic gate failed,median of eligible paired repeats
paired_effect,,,selective_thp_vs_compiler_ordinary,Compiler THP / Compiler ordinary,0,adaptive-ordinary-compiler-prior,adaptive-selective-thp-compiler-prior,,,,0.22944210596157452,0.01772914925410936,False,False,False,BLOCKED,THP CAUSAL CLAIM BLOCKED,THP backing: no resident AnonHugePages in measured samples (8 measured runs) | THP allocator activity: allocator THP activity is zero: adaptive_long_routed_allocations (8 measured runs) | THP allocator activity: allocator THP activity is zero: thp_advice_attempts (8 measured runs) | THP allocator activity: allocator THP activity is zero: thp_advice_successes (8 measured runs) | THP allocator activity: allocator THP activity is zero: thp_extent_mappings (8 measured runs) | Runtime THP / Runtime ordinary: diagnostic gate failed | Compiler prior / Runtime THP: diagnostic gate failed | Compiler THP / Compiler ordinary: diagnostic gate failed | Compiler THP / Default: diagnostic gate failed,paired repeat; positive values indicate improvement or reduction
paired_effect,,,selective_thp_vs_compiler_ordinary,Compiler THP / Compiler ordinary,1,adaptive-ordinary-compiler-prior,adaptive-selective-thp-compiler-prior,,,,0.12567605775748422,0.05570184322463035,False,False,False,BLOCKED,THP CAUSAL CLAIM BLOCKED,THP backing: no resident AnonHugePages in measured samples (8 measured runs) | THP allocator activity: allocator THP activity is zero: adaptive_long_routed_allocations (8 measured runs) | THP allocator activity: allocator THP activity is zero: thp_advice_attempts (8 measured runs) | THP allocator activity: allocator THP activity is zero: thp_advice_successes (8 measured runs) | THP allocator activity: allocator THP activity is zero: thp_extent_mappings (8 measured runs) | Runtime THP / Runtime ordinary: diagnostic gate failed | Compiler prior / Runtime THP: diagnostic gate failed | Compiler THP / Compiler ordinary: diagnostic gate failed | Compiler THP / Default: diagnostic gate failed,paired repeat; positive values indicate improvement or reduction
paired_effect,,,selective_thp_vs_compiler_ordinary,Compiler THP / Compiler ordinary,2,adaptive-ordinary-compiler-prior,adaptive-selective-thp-compiler-prior,,,,-0.08889496002141596,0.03293056716569142,False,False,False,BLOCKED,THP CAUSAL CLAIM BLOCKED,THP backing: no resident AnonHugePages in measured samples (8 measured runs) | THP allocator activity: allocator THP activity is zero: adaptive_long_routed_allocations (8 measured runs) | THP allocator activity: allocator THP activity is zero: thp_advice_attempts (8 measured runs) | THP allocator activity: allocator THP activity is zero: thp_advice_successes (8 measured runs) | THP allocator activity: allocator THP activity is zero: thp_extent_mappings (8 measured runs) | Runtime THP / Runtime ordinary: diagnostic gate failed | Compiler prior / Runtime THP: diagnostic gate failed | Compiler THP / Compiler ordinary: diagnostic gate failed | Compiler THP / Default: diagnostic gate failed,paired repeat; positive values indicate improvement or reduction
paired_effect,,,selective_thp_vs_compiler_ordinary,Compiler THP / Compiler ordinary,3,adaptive-ordinary-compiler-prior,adaptive-selective-thp-compiler-prior,,,,-0.1542297817503739,-0.09626589653949434,False,False,False,BLOCKED,THP CAUSAL CLAIM BLOCKED,THP backing: no resident AnonHugePages in measured samples (8 measured runs) | THP allocator activity: allocator THP activity is zero: adaptive_long_routed_allocations (8 measured runs) | THP allocator activity: allocator THP activity is zero: thp_advice_attempts (8 measured runs) | THP allocator activity: allocator THP activity is zero: thp_advice_successes (8 measured runs) | THP allocator activity: allocator THP activity is zero: thp_extent_mappings (8 measured runs) | Runtime THP / Runtime ordinary: diagnostic gate failed | Compiler prior / Runtime THP: diagnostic gate failed | Compiler THP / Compiler ordinary: diagnostic gate failed | Compiler THP / Default: diagnostic gate failed,paired repeat; positive values indicate improvement or reduction
paired_median,,,selective_thp_vs_compiler_ordinary,Compiler THP / Compiler ordinary,,adaptive-ordinary-compiler-prior,adaptive-selective-thp-compiler-prior,,,,,,False,False,False,BLOCKED,THP CAUSAL CLAIM BLOCKED,THP backing: no resident AnonHugePages in measured samples (8 measured runs) | THP allocator activity: allocator THP activity is zero: adaptive_long_routed_allocations (8 measured runs) | THP allocator activity: allocator THP activity is zero: thp_advice_attempts (8 measured runs) | THP allocator activity: allocator THP activity is zero: thp_advice_successes (8 measured runs) | THP allocator activity: allocator THP activity is zero: thp_extent_mappings (8 measured runs) | Runtime THP / Runtime ordinary: diagnostic gate failed | Compiler prior / Runtime THP: diagnostic gate failed | Compiler THP / Compiler ordinary: diagnostic gate failed | Compiler THP / Default: diagnostic gate failed,median of eligible paired repeats
paired_effect,,,compiler_thp_end_to_end_vs_default,Compiler THP / Default,0,default,adaptive-selective-thp-compiler-prior,,,,0.13946294708406193,-0.29471544715447157,False,False,False,BLOCKED,THP CAUSAL CLAIM BLOCKED,THP backing: no resident AnonHugePages in measured samples (8 measured runs) | THP allocator activity: allocator THP activity is zero: adaptive_long_routed_allocations (8 measured runs) | THP allocator activity: allocator THP activity is zero: thp_advice_attempts (8 measured runs) | THP allocator activity: allocator THP activity is zero: thp_advice_successes (8 measured runs) | THP allocator activity: allocator THP activity is zero: thp_extent_mappings (8 measured runs) | Runtime THP / Runtime ordinary: diagnostic gate failed | Compiler prior / Runtime THP: diagnostic gate failed | Compiler THP / Compiler ordinary: diagnostic gate failed | Compiler THP / Default: diagnostic gate failed,paired repeat; positive values indicate improvement or reduction
paired_effect,,,compiler_thp_end_to_end_vs_default,Compiler THP / Default,1,default,adaptive-selective-thp-compiler-prior,,,,0.25656376153318183,-0.23869984763839514,False,False,False,BLOCKED,THP CAUSAL CLAIM BLOCKED,THP backing: no resident AnonHugePages in measured samples (8 measured runs) | THP allocator activity: allocator THP activity is zero: adaptive_long_routed_allocations (8 measured runs) | THP allocator activity: allocator THP activity is zero: thp_advice_attempts (8 measured runs) | THP allocator activity: allocator THP activity is zero: thp_advice_successes (8 measured runs) | THP allocator activity: allocator THP activity is zero: thp_extent_mappings (8 measured runs) | Runtime THP / Runtime ordinary: diagnostic gate failed | Compiler prior / Runtime THP: diagnostic gate failed | Compiler THP / Compiler ordinary: diagnostic gate failed | Compiler THP / Default: diagnostic gate failed,paired repeat; positive values indicate improvement or reduction
paired_effect,,,compiler_thp_end_to_end_vs_default,Compiler THP / Default,2,default,adaptive-selective-thp-compiler-prior,,,,0.2792100617221608,-0.13956202897815218,False,False,False,BLOCKED,THP CAUSAL CLAIM BLOCKED,THP backing: no resident AnonHugePages in measured samples (8 measured runs) | THP allocator activity: allocator THP activity is zero: adaptive_long_routed_allocations (8 measured runs) | THP allocator activity: allocator THP activity is zero: thp_advice_attempts (8 measured runs) | THP allocator activity: allocator THP activity is zero: thp_advice_successes (8 measured runs) | THP allocator activity: allocator THP activity is zero: thp_extent_mappings (8 measured runs) | Runtime THP / Runtime ordinary: diagnostic gate failed | Compiler prior / Runtime THP: diagnostic gate failed | Compiler THP / Compiler ordinary: diagnostic gate failed | Compiler THP / Default: diagnostic gate failed,paired repeat; positive values indicate improvement or reduction
paired_effect,,,compiler_thp_end_to_end_vs_default,Compiler THP / Default,3,default,adaptive-selective-thp-compiler-prior,,,,-0.10471222224296017,-0.3963817461124098,False,False,False,BLOCKED,THP CAUSAL CLAIM BLOCKED,THP backing: no resident AnonHugePages in measured samples (8 measured runs) | THP allocator activity: allocator THP activity is zero: adaptive_long_routed_allocations (8 measured runs) | THP allocator activity: allocator THP activity is zero: thp_advice_attempts (8 measured runs) | THP allocator activity: allocator THP activity is zero: thp_advice_successes (8 measured runs) | THP allocator activity: allocator THP activity is zero: thp_extent_mappings (8 measured runs) | Runtime THP / Runtime ordinary: diagnostic gate failed | Compiler prior / Runtime THP: diagnostic gate failed | Compiler THP / Compiler ordinary: diagnostic gate failed | Compiler THP / Default: diagnostic gate failed,paired repeat; positive values indicate improvement or reduction
paired_median,,,compiler_thp_end_to_end_vs_default,Compiler THP / Default,,default,adaptive-selective-thp-compiler-prior,,,,,,False,False,False,BLOCKED,THP CAUSAL CLAIM BLOCKED,THP backing: no resident AnonHugePages in measured samples (8 measured runs) | THP allocator activity: allocator THP activity is zero: adaptive_long_routed_allocations (8 measured runs) | THP allocator activity: allocator THP activity is zero: thp_advice_attempts (8 measured runs) | THP allocator activity: allocator THP activity is zero: thp_advice_successes (8 measured runs) | THP allocator activity: allocator THP activity is zero: thp_extent_mappings (8 measured runs) | Runtime THP / Runtime ordinary: diagnostic gate failed | Compiler prior / Runtime THP: diagnostic gate failed | Compiler THP / Compiler ordinary: diagnostic gate failed | Compiler THP / Default: diagnostic gate failed,median of eligible paired repeats
