variant,allocator,feature,allocator_label,benchmark,robustness_selected,sample_index,measured_round,sample_ns_per_iter,cell_median_ns_per_iter,cell_mad_ns_per_iter,cell_min_ns_per_iter,cell_max_ns_per_iter,cell_median_ratio_vs_unialloc,aggregate_geomean_median_ratio_vs_unialloc,robust_geomean_median_ratio_vs_unialloc
bench_ourself,unialloc,bench_ourself,UniAlloc,binary_heap::bench_from_vec,true,1,1,345319.45000000001,414391.39000000001,12110.260000000009,345319.45000000001,426501.65000000002,1,1,1
bench_ourself,unialloc,bench_ourself,UniAlloc,binary_heap::bench_from_vec,true,2,2,414391.39000000001,414391.39000000001,12110.260000000009,345319.45000000001,426501.65000000002,1,1,1
bench_ourself,unialloc,bench_ourself,UniAlloc,binary_heap::bench_from_vec,true,3,3,426501.65000000002,414391.39000000001,12110.260000000009,345319.45000000001,426501.65000000002,1,1,1
bench_ptmalloc,ptmalloc,bench_ptmalloc,ptmalloc,binary_heap::bench_from_vec,true,1,1,110180.67,109313.11,61.220000000001164,109251.89,110180.67,0.26379194316754506,0.81232787988481392,0.81232787988481392
bench_ptmalloc,ptmalloc,bench_ptmalloc,ptmalloc,binary_heap::bench_from_vec,true,2,2,109251.89,109313.11,61.220000000001164,109251.89,110180.67,0.26379194316754506,0.81232787988481392,0.81232787988481392
bench_ptmalloc,ptmalloc,bench_ptmalloc,ptmalloc,binary_heap::bench_from_vec,true,3,3,109313.11,109313.11,61.220000000001164,109251.89,110180.67,0.26379194316754506,0.81232787988481392,0.81232787988481392
bench_jemalloc,jemalloc,bench_jemalloc,jemalloc,binary_heap::bench_from_vec,true,1,1,109764.39999999999,109764.39999999999,73.349999999991269,109691.05,110067,0.26488098606488902,0.81557727656763457,0.81557727656763457
bench_jemalloc,jemalloc,bench_jemalloc,jemalloc,binary_heap::bench_from_vec,true,2,2,109691.05,109764.39999999999,73.349999999991269,109691.05,110067,0.26488098606488902,0.81557727656763457,0.81557727656763457
bench_jemalloc,jemalloc,bench_jemalloc,jemalloc,binary_heap::bench_from_vec,true,3,3,110067,109764.39999999999,73.349999999991269,109691.05,110067,0.26488098606488902,0.81557727656763457,0.81557727656763457
bench_mimalloc,mimalloc,bench_mimalloc,mimalloc,binary_heap::bench_from_vec,true,1,1,109101.17,109458.7,357.52999999999884,109101.17,113373.75999999999,0.26414327768730905,0.77215917526012701,0.77215917526012701
bench_mimalloc,mimalloc,bench_mimalloc,mimalloc,binary_heap::bench_from_vec,true,2,2,109458.7,109458.7,357.52999999999884,109101.17,113373.75999999999,0.26414327768730905,0.77215917526012701,0.77215917526012701
bench_mimalloc,mimalloc,bench_mimalloc,mimalloc,binary_heap::bench_from_vec,true,3,3,113373.75999999999,109458.7,357.52999999999884,109101.17,113373.75999999999,0.26414327768730905,0.77215917526012701,0.77215917526012701
bench_tcmalloc,tcmalloc,bench_tcmalloc,TCMalloc,binary_heap::bench_from_vec,true,1,1,109212.09,109298.45,86.360000000000582,109212.09,109780.19,0.26375656598463593,0.76406462127847108,0.76406462127847108
bench_tcmalloc,tcmalloc,bench_tcmalloc,TCMalloc,binary_heap::bench_from_vec,true,2,2,109298.45,109298.45,86.360000000000582,109212.09,109780.19,0.26375656598463593,0.76406462127847108,0.76406462127847108
bench_tcmalloc,tcmalloc,bench_tcmalloc,TCMalloc,binary_heap::bench_from_vec,true,3,3,109780.19,109298.45,86.360000000000582,109212.09,109780.19,0.26375656598463593,0.76406462127847108,0.76406462127847108
bench_snmalloc,snmalloc,bench_snmalloc,snmalloc,binary_heap::bench_from_vec,true,1,1,109103.39999999999,109227.11,34.679999999993015,109103.39999999999,109261.78999999999,0.26358440989809173,0.79324362672494542,0.79324362672494542
bench_snmalloc,snmalloc,bench_snmalloc,snmalloc,binary_heap::bench_from_vec,true,2,2,109227.11,109227.11,34.679999999993015,109103.39999999999,109261.78999999999,0.26358440989809173,0.79324362672494542,0.79324362672494542
bench_snmalloc,snmalloc,bench_snmalloc,snmalloc,binary_heap::bench_from_vec,true,3,3,109261.78999999999,109227.11,34.679999999993015,109103.39999999999,109261.78999999999,0.26358440989809173,0.79324362672494542,0.79324362672494542
bench_scudo,scudo,bench_scudo,Scudo,binary_heap::bench_from_vec,true,1,1,110852.19,109593.09,270.70999999999185,109322.38,110852.19,0.26446758461849312,0.89677931758908924,0.89677931758908924
bench_scudo,scudo,bench_scudo,Scudo,binary_heap::bench_from_vec,true,2,2,109322.38,109593.09,270.70999999999185,109322.38,110852.19,0.26446758461849312,0.89677931758908924,0.89677931758908924
bench_scudo,scudo,bench_scudo,Scudo,binary_heap::bench_from_vec,true,3,3,109593.09,109593.09,270.70999999999185,109322.38,110852.19,0.26446758461849312,0.89677931758908924,0.89677931758908924
bench_ourself,unialloc,bench_ourself,UniAlloc,btree::map::from_iter_rand_10_000,true,1,1,129515.23,129024.17,150.91999999999825,128873.25,129515.23,1,1,1
bench_ourself,unialloc,bench_ourself,UniAlloc,btree::map::from_iter_rand_10_000,true,2,2,129024.17,129024.17,150.91999999999825,128873.25,129515.23,1,1,1
bench_ourself,unialloc,bench_ourself,UniAlloc,btree::map::from_iter_rand_10_000,true,3,3,128873.25,129024.17,150.91999999999825,128873.25,129515.23,1,1,1
bench_ptmalloc,ptmalloc,bench_ptmalloc,ptmalloc,btree::map::from_iter_rand_10_000,true,1,1,151798.13,151798.13,81.130000000004657,151717,155476.72,1.1765092540413165,0.81232787988481392,0.81232787988481392
bench_ptmalloc,ptmalloc,bench_ptmalloc,ptmalloc,btree::map::from_iter_rand_10_000,true,2,2,155476.72,151798.13,81.130000000004657,151717,155476.72,1.1765092540413165,0.81232787988481392,0.81232787988481392
bench_ptmalloc,ptmalloc,bench_ptmalloc,ptmalloc,btree::map::from_iter_rand_10_000,true,3,3,151717,151798.13,81.130000000004657,151717,155476.72,1.1765092540413165,0.81232787988481392,0.81232787988481392
bench_jemalloc,jemalloc,bench_jemalloc,jemalloc,btree::map::from_iter_rand_10_000,true,1,1,128480,127954.23,525.77000000000407,127328.67,128480,0.99170744520193388,0.81557727656763457,0.81557727656763457
bench_jemalloc,jemalloc,bench_jemalloc,jemalloc,btree::map::from_iter_rand_10_000,true,2,2,127954.23,127954.23,525.77000000000407,127328.67,128480,0.99170744520193388,0.81557727656763457,0.81557727656763457
bench_jemalloc,jemalloc,bench_jemalloc,jemalloc,btree::map::from_iter_rand_10_000,true,3,3,127328.67,127954.23,525.77000000000407,127328.67,128480,0.99170744520193388,0.81557727656763457,0.81557727656763457
bench_mimalloc,mimalloc,bench_mimalloc,mimalloc,btree::map::from_iter_rand_10_000,true,1,1,119635.11,120305.89,525.55000000000291,119635.11,120831.44,0.93242909448671518,0.77215917526012701,0.77215917526012701
bench_mimalloc,mimalloc,bench_mimalloc,mimalloc,btree::map::from_iter_rand_10_000,true,2,2,120305.89,120305.89,525.55000000000291,119635.11,120831.44,0.93242909448671518,0.77215917526012701,0.77215917526012701
bench_mimalloc,mimalloc,bench_mimalloc,mimalloc,btree::map::from_iter_rand_10_000,true,3,3,120831.44,120305.89,525.55000000000291,119635.11,120831.44,0.93242909448671518,0.77215917526012701,0.77215917526012701
bench_tcmalloc,tcmalloc,bench_tcmalloc,TCMalloc,btree::map::from_iter_rand_10_000,true,1,1,122100.53,122100.53,21.5,119408.42999999999,122122.03,0.94633842635841026,0.76406462127847108,0.76406462127847108
bench_tcmalloc,tcmalloc,bench_tcmalloc,TCMalloc,btree::map::from_iter_rand_10_000,true,2,2,119408.42999999999,122100.53,21.5,119408.42999999999,122122.03,0.94633842635841026,0.76406462127847108,0.76406462127847108
bench_tcmalloc,tcmalloc,bench_tcmalloc,TCMalloc,btree::map::from_iter_rand_10_000,true,3,3,122122.03,122100.53,21.5,119408.42999999999,122122.03,0.94633842635841026,0.76406462127847108,0.76406462127847108
bench_snmalloc,snmalloc,bench_snmalloc,snmalloc,btree::map::from_iter_rand_10_000,true,1,1,120142.87,119227.47,551.80000000000291,118675.67,120142.87,0.92407081556889692,0.79324362672494542,0.79324362672494542
bench_snmalloc,snmalloc,bench_snmalloc,snmalloc,btree::map::from_iter_rand_10_000,true,2,2,118675.67,119227.47,551.80000000000291,118675.67,120142.87,0.92407081556889692,0.79324362672494542,0.79324362672494542
bench_snmalloc,snmalloc,bench_snmalloc,snmalloc,btree::map::from_iter_rand_10_000,true,3,3,119227.47,119227.47,551.80000000000291,118675.67,120142.87,0.92407081556889692,0.79324362672494542,0.79324362672494542
bench_scudo,scudo,bench_scudo,Scudo,btree::map::from_iter_rand_10_000,true,1,1,141397.16,141397.16,843.29000000000815,139209.54999999999,142240.45000000001,1.0958966835438664,0.89677931758908924,0.89677931758908924
bench_scudo,scudo,bench_scudo,Scudo,btree::map::from_iter_rand_10_000,true,2,2,139209.54999999999,141397.16,843.29000000000815,139209.54999999999,142240.45000000001,1.0958966835438664,0.89677931758908924,0.89677931758908924
bench_scudo,scudo,bench_scudo,Scudo,btree::map::from_iter_rand_10_000,true,3,3,142240.45000000001,141397.16,843.29000000000815,139209.54999999999,142240.45000000001,1.0958966835438664,0.89677931758908924,0.89677931758908924
bench_ourself,unialloc,bench_ourself,UniAlloc,btree::set::clone_10k_and_remove_half,true,1,1,126015.14,122480.78999999999,717.75999999999476,121763.03,126015.14,1,1,1
bench_ourself,unialloc,bench_ourself,UniAlloc,btree::set::clone_10k_and_remove_half,true,2,2,122480.78999999999,122480.78999999999,717.75999999999476,121763.03,126015.14,1,1,1
bench_ourself,unialloc,bench_ourself,UniAlloc,btree::set::clone_10k_and_remove_half,true,3,3,121763.03,122480.78999999999,717.75999999999476,121763.03,126015.14,1,1,1
bench_ptmalloc,ptmalloc,bench_ptmalloc,ptmalloc,btree::set::clone_10k_and_remove_half,true,1,1,121172.34,119923.28999999999,675.20999999999185,119248.08,121172.34,0.97911917452524599,0.81232787988481392,0.81232787988481392
bench_ptmalloc,ptmalloc,bench_ptmalloc,ptmalloc,btree::set::clone_10k_and_remove_half,true,2,2,119923.28999999999,119923.28999999999,675.20999999999185,119248.08,121172.34,0.97911917452524599,0.81232787988481392,0.81232787988481392
bench_ptmalloc,ptmalloc,bench_ptmalloc,ptmalloc,btree::set::clone_10k_and_remove_half,true,3,3,119248.08,119923.28999999999,675.20999999999185,119248.08,121172.34,0.97911917452524599,0.81232787988481392,0.81232787988481392
bench_jemalloc,jemalloc,bench_jemalloc,jemalloc,btree::set::clone_10k_and_remove_half,true,1,1,138772.42999999999,138188.57000000001,583.85999999998603,133498.23999999999,138772.42999999999,1.1282468867158679,0.81557727656763457,0.81557727656763457
bench_jemalloc,jemalloc,bench_jemalloc,jemalloc,btree::set::clone_10k_and_remove_half,true,2,2,138188.57000000001,138188.57000000001,583.85999999998603,133498.23999999999,138772.42999999999,1.1282468867158679,0.81557727656763457,0.81557727656763457
bench_jemalloc,jemalloc,bench_jemalloc,jemalloc,btree::set::clone_10k_and_remove_half,true,3,3,133498.23999999999,138188.57000000001,583.85999999998603,133498.23999999999,138772.42999999999,1.1282468867158679,0.81557727656763457,0.81557727656763457
bench_mimalloc,mimalloc,bench_mimalloc,mimalloc,btree::set::clone_10k_and_remove_half,true,1,1,116413.73,116413.73,466.77999999999884,115946.95,117150.8,0.95046521172830456,0.77215917526012701,0.77215917526012701
bench_mimalloc,mimalloc,bench_mimalloc,mimalloc,btree::set::clone_10k_and_remove_half,true,2,2,115946.95,116413.73,466.77999999999884,115946.95,117150.8,0.95046521172830456,0.77215917526012701,0.77215917526012701
bench_mimalloc,mimalloc,bench_mimalloc,mimalloc,btree::set::clone_10k_and_remove_half,true,3,3,117150.8,116413.73,466.77999999999884,115946.95,117150.8,0.95046521172830456,0.77215917526012701,0.77215917526012701
bench_tcmalloc,tcmalloc,bench_tcmalloc,TCMalloc,btree::set::clone_10k_and_remove_half,true,1,1,118073.38,120292.21000000001,1123.7299999999959,118073.38,121415.94,0.98213123870282037,0.76406462127847108,0.76406462127847108
bench_tcmalloc,tcmalloc,bench_tcmalloc,TCMalloc,btree::set::clone_10k_and_remove_half,true,2,2,121415.94,120292.21000000001,1123.7299999999959,118073.38,121415.94,0.98213123870282037,0.76406462127847108,0.76406462127847108
bench_tcmalloc,tcmalloc,bench_tcmalloc,TCMalloc,btree::set::clone_10k_and_remove_half,true,3,3,120292.21000000001,120292.21000000001,1123.7299999999959,118073.38,121415.94,0.98213123870282037,0.76406462127847108,0.76406462127847108
bench_snmalloc,snmalloc,bench_snmalloc,snmalloc,btree::set::clone_10k_and_remove_half,true,1,1,132642.13,129703.28999999999,1708.5199999999895,127994.77,132642.13,1.0589684308861822,0.79324362672494542,0.79324362672494542
bench_snmalloc,snmalloc,bench_snmalloc,snmalloc,btree::set::clone_10k_and_remove_half,true,2,2,127994.77,129703.28999999999,1708.5199999999895,127994.77,132642.13,1.0589684308861822,0.79324362672494542,0.79324362672494542
bench_snmalloc,snmalloc,bench_snmalloc,snmalloc,btree::set::clone_10k_and_remove_half,true,3,3,129703.28999999999,129703.28999999999,1708.5199999999895,127994.77,132642.13,1.0589684308861822,0.79324362672494542,0.79324362672494542
bench_scudo,scudo,bench_scudo,Scudo,btree::set::clone_10k_and_remove_half,true,1,1,187895.35999999999,187076.42999999999,818.92999999999302,181204.45999999999,187895.35999999999,1.5273940509364774,0.89677931758908924,0.89677931758908924
bench_scudo,scudo,bench_scudo,Scudo,btree::set::clone_10k_and_remove_half,true,2,2,187076.42999999999,187076.42999999999,818.92999999999302,181204.45999999999,187895.35999999999,1.5273940509364774,0.89677931758908924,0.89677931758908924
bench_scudo,scudo,bench_scudo,Scudo,btree::set::clone_10k_and_remove_half,true,3,3,181204.45999999999,187076.42999999999,818.92999999999302,181204.45999999999,187895.35999999999,1.5273940509364774,0.89677931758908924,0.89677931758908924
bench_ourself,unialloc,bench_ourself,UniAlloc,slice::random_inserts,true,1,1,1886.1199999999999,1726.0999999999999,12.459999999999809,1713.6400000000001,1886.1199999999999,1,1,1
bench_ourself,unialloc,bench_ourself,UniAlloc,slice::random_inserts,true,2,2,1713.6400000000001,1726.0999999999999,12.459999999999809,1713.6400000000001,1886.1199999999999,1,1,1
bench_ourself,unialloc,bench_ourself,UniAlloc,slice::random_inserts,true,3,3,1726.0999999999999,1726.0999999999999,12.459999999999809,1713.6400000000001,1886.1199999999999,1,1,1
bench_ptmalloc,ptmalloc,bench_ptmalloc,ptmalloc,slice::random_inserts,true,1,1,1690.5899999999999,1693.48,2.8900000000001,1690.5899999999999,1750.3,0.98110190603093683,0.81232787988481392,0.81232787988481392
bench_ptmalloc,ptmalloc,bench_ptmalloc,ptmalloc,slice::random_inserts,true,2,2,1693.48,1693.48,2.8900000000001,1690.5899999999999,1750.3,0.98110190603093683,0.81232787988481392,0.81232787988481392
bench_ptmalloc,ptmalloc,bench_ptmalloc,ptmalloc,slice::random_inserts,true,3,3,1750.3,1693.48,2.8900000000001,1690.5899999999999,1750.3,0.98110190603093683,0.81232787988481392,0.81232787988481392
bench_jemalloc,jemalloc,bench_jemalloc,jemalloc,slice::random_inserts,true,1,1,1786.25,1762.29,23.960000000000036,1737.52,1786.25,1.0209663403047333,0.81557727656763457,0.81557727656763457
bench_jemalloc,jemalloc,bench_jemalloc,jemalloc,slice::random_inserts,true,2,2,1737.52,1762.29,23.960000000000036,1737.52,1786.25,1.0209663403047333,0.81557727656763457,0.81557727656763457
bench_jemalloc,jemalloc,bench_jemalloc,jemalloc,slice::random_inserts,true,3,3,1762.29,1762.29,23.960000000000036,1737.52,1786.25,1.0209663403047333,0.81557727656763457,0.81557727656763457
bench_mimalloc,mimalloc,bench_mimalloc,mimalloc,slice::random_inserts,true,1,1,1738.3399999999999,1696.5,0.76999999999998181,1695.73,1738.3399999999999,0.98285151497595746,0.77215917526012701,0.77215917526012701
bench_mimalloc,mimalloc,bench_mimalloc,mimalloc,slice::random_inserts,true,2,2,1696.5,1696.5,0.76999999999998181,1695.73,1738.3399999999999,0.98285151497595746,0.77215917526012701,0.77215917526012701
bench_mimalloc,mimalloc,bench_mimalloc,mimalloc,slice::random_inserts,true,3,3,1695.73,1696.5,0.76999999999998181,1695.73,1738.3399999999999,0.98285151497595746,0.77215917526012701,0.77215917526012701
bench_tcmalloc,tcmalloc,bench_tcmalloc,TCMalloc,slice::random_inserts,true,1,1,1900.5599999999999,1668.22,20.700000000000045,1647.52,1900.5599999999999,0.9664677596894734,0.76406462127847108,0.76406462127847108
bench_tcmalloc,tcmalloc,bench_tcmalloc,TCMalloc,slice::random_inserts,true,2,2,1647.52,1668.22,20.700000000000045,1647.52,1900.5599999999999,0.9664677596894734,0.76406462127847108,0.76406462127847108
bench_tcmalloc,tcmalloc,bench_tcmalloc,TCMalloc,slice::random_inserts,true,3,3,1668.22,1668.22,20.700000000000045,1647.52,1900.5599999999999,0.9664677596894734,0.76406462127847108,0.76406462127847108
bench_snmalloc,snmalloc,bench_snmalloc,snmalloc,slice::random_inserts,true,1,1,1677.28,1677.28,10.25,1667.03,1716.28,0.97171658652453508,0.79324362672494542,0.79324362672494542
bench_snmalloc,snmalloc,bench_snmalloc,snmalloc,slice::random_inserts,true,2,2,1667.03,1677.28,10.25,1667.03,1716.28,0.97171658652453508,0.79324362672494542,0.79324362672494542
bench_snmalloc,snmalloc,bench_snmalloc,snmalloc,slice::random_inserts,true,3,3,1716.28,1677.28,10.25,1667.03,1716.28,0.97171658652453508,0.79324362672494542,0.79324362672494542
bench_scudo,scudo,bench_scudo,Scudo,slice::random_inserts,true,1,1,1837.1600000000001,1822.4300000000001,14.730000000000018,1805.3699999999999,1837.1600000000001,1.055807890620474,0.89677931758908924,0.89677931758908924
bench_scudo,scudo,bench_scudo,Scudo,slice::random_inserts,true,2,2,1822.4300000000001,1822.4300000000001,14.730000000000018,1805.3699999999999,1837.1600000000001,1.055807890620474,0.89677931758908924,0.89677931758908924
bench_scudo,scudo,bench_scudo,Scudo,slice::random_inserts,true,3,3,1805.3699999999999,1822.4300000000001,14.730000000000018,1805.3699999999999,1837.1600000000001,1.055807890620474,0.89677931758908924,0.89677931758908924
bench_ourself,unialloc,bench_ourself,UniAlloc,string::bench_push_char_one_byte,true,1,1,11442.5,11442.5,35.079999999999927,11336.299999999999,11477.58,1,1,1
bench_ourself,unialloc,bench_ourself,UniAlloc,string::bench_push_char_one_byte,true,2,2,11336.299999999999,11442.5,35.079999999999927,11336.299999999999,11477.58,1,1,1
bench_ourself,unialloc,bench_ourself,UniAlloc,string::bench_push_char_one_byte,true,3,3,11477.58,11442.5,35.079999999999927,11336.299999999999,11477.58,1,1,1
bench_ptmalloc,ptmalloc,bench_ptmalloc,ptmalloc,string::bench_push_char_one_byte,true,1,1,11004.34,11053.040000000001,48.700000000000728,11004.34,11118.23,0.96596373170198824,0.81232787988481392,0.81232787988481392
bench_ptmalloc,ptmalloc,bench_ptmalloc,ptmalloc,string::bench_push_char_one_byte,true,2,2,11118.23,11053.040000000001,48.700000000000728,11004.34,11118.23,0.96596373170198824,0.81232787988481392,0.81232787988481392
bench_ptmalloc,ptmalloc,bench_ptmalloc,ptmalloc,string::bench_push_char_one_byte,true,3,3,11053.040000000001,11053.040000000001,48.700000000000728,11004.34,11118.23,0.96596373170198824,0.81232787988481392,0.81232787988481392
bench_jemalloc,jemalloc,bench_jemalloc,jemalloc,string::bench_push_char_one_byte,true,1,1,11141.879999999999,11149.49,7.6100000000005821,11141.879999999999,11173.940000000001,0.97439283373388685,0.81557727656763457,0.81557727656763457
bench_jemalloc,jemalloc,bench_jemalloc,jemalloc,string::bench_push_char_one_byte,true,2,2,11149.49,11149.49,7.6100000000005821,11141.879999999999,11173.940000000001,0.97439283373388685,0.81557727656763457,0.81557727656763457
bench_jemalloc,jemalloc,bench_jemalloc,jemalloc,string::bench_push_char_one_byte,true,3,3,11173.940000000001,11149.49,7.6100000000005821,11141.879999999999,11173.940000000001,0.97439283373388685,0.81557727656763457,0.81557727656763457
bench_mimalloc,mimalloc,bench_mimalloc,mimalloc,string::bench_push_char_one_byte,true,1,1,11132.76,11080.57,52.190000000000509,11022.98,11132.76,0.96836967445925271,0.77215917526012701,0.77215917526012701
bench_mimalloc,mimalloc,bench_mimalloc,mimalloc,string::bench_push_char_one_byte,true,2,2,11022.98,11080.57,52.190000000000509,11022.98,11132.76,0.96836967445925271,0.77215917526012701,0.77215917526012701
bench_mimalloc,mimalloc,bench_mimalloc,mimalloc,string::bench_push_char_one_byte,true,3,3,11080.57,11080.57,52.190000000000509,11022.98,11132.76,0.96836967445925271,0.77215917526012701,0.77215917526012701
bench_tcmalloc,tcmalloc,bench_tcmalloc,TCMalloc,string::bench_push_char_one_byte,true,1,1,11001.83,11003.120000000001,1.2900000000008731,11001.83,11036.9,0.96160104872187024,0.76406462127847108,0.76406462127847108
bench_tcmalloc,tcmalloc,bench_tcmalloc,TCMalloc,string::bench_push_char_one_byte,true,2,2,11003.120000000001,11003.120000000001,1.2900000000008731,11001.83,11036.9,0.96160104872187024,0.76406462127847108,0.76406462127847108
bench_tcmalloc,tcmalloc,bench_tcmalloc,TCMalloc,string::bench_push_char_one_byte,true,3,3,11036.9,11003.120000000001,1.2900000000008731,11001.83,11036.9,0.96160104872187024,0.76406462127847108,0.76406462127847108
bench_snmalloc,snmalloc,bench_snmalloc,snmalloc,string::bench_push_char_one_byte,true,1,1,11189.42,11090.99,16.659999999999854,11074.33,11189.42,0.96928031461656106,0.79324362672494542,0.79324362672494542
bench_snmalloc,snmalloc,bench_snmalloc,snmalloc,string::bench_push_char_one_byte,true,2,2,11074.33,11090.99,16.659999999999854,11074.33,11189.42,0.96928031461656106,0.79324362672494542,0.79324362672494542
bench_snmalloc,snmalloc,bench_snmalloc,snmalloc,string::bench_push_char_one_byte,true,3,3,11090.99,11090.99,16.659999999999854,11074.33,11189.42,0.96928031461656106,0.79324362672494542,0.79324362672494542
bench_scudo,scudo,bench_scudo,Scudo,string::bench_push_char_one_byte,true,1,1,11287.85,11292.139999999999,4.2899999999990541,11287.85,11311.76,0.986859514966135,0.89677931758908924,0.89677931758908924
bench_scudo,scudo,bench_scudo,Scudo,string::bench_push_char_one_byte,true,2,2,11311.76,11292.139999999999,4.2899999999990541,11287.85,11311.76,0.986859514966135,0.89677931758908924,0.89677931758908924
bench_scudo,scudo,bench_scudo,Scudo,string::bench_push_char_one_byte,true,3,3,11292.139999999999,11292.139999999999,4.2899999999990541,11287.85,11311.76,0.986859514966135,0.89677931758908924,0.89677931758908924
bench_ourself,unialloc,bench_ourself,UniAlloc,vec::bench_from_elem_1000,true,1,1,151.41999999999999,151.41999999999999,0.32999999999998408,151.09,152.03,1,1,1
bench_ourself,unialloc,bench_ourself,UniAlloc,vec::bench_from_elem_1000,true,2,2,151.09,151.41999999999999,0.32999999999998408,151.09,152.03,1,1,1
bench_ourself,unialloc,bench_ourself,UniAlloc,vec::bench_from_elem_1000,true,3,3,152.03,151.41999999999999,0.32999999999998408,151.09,152.03,1,1,1
bench_ptmalloc,ptmalloc,bench_ptmalloc,ptmalloc,vec::bench_from_elem_1000,true,1,1,149.37,149.37,0.15999999999999659,149.21000000000001,149.65000000000001,0.98646149782063142,0.81232787988481392,0.81232787988481392
bench_ptmalloc,ptmalloc,bench_ptmalloc,ptmalloc,vec::bench_from_elem_1000,true,2,2,149.65000000000001,149.37,0.15999999999999659,149.21000000000001,149.65000000000001,0.98646149782063142,0.81232787988481392,0.81232787988481392
bench_ptmalloc,ptmalloc,bench_ptmalloc,ptmalloc,vec::bench_from_elem_1000,true,3,3,149.21000000000001,149.37,0.15999999999999659,149.21000000000001,149.65000000000001,0.98646149782063142,0.81232787988481392,0.81232787988481392
bench_jemalloc,jemalloc,bench_jemalloc,jemalloc,vec::bench_from_elem_1000,true,1,1,136.08000000000001,137.58000000000001,0.10999999999998522,136.08000000000001,137.69,0.90859859992075043,0.81557727656763457,0.81557727656763457
bench_jemalloc,jemalloc,bench_jemalloc,jemalloc,vec::bench_from_elem_1000,true,2,2,137.69,137.58000000000001,0.10999999999998522,136.08000000000001,137.69,0.90859859992075043,0.81557727656763457,0.81557727656763457
bench_jemalloc,jemalloc,bench_jemalloc,jemalloc,vec::bench_from_elem_1000,true,3,3,137.58000000000001,137.58000000000001,0.10999999999998522,136.08000000000001,137.69,0.90859859992075043,0.81557727656763457,0.81557727656763457
bench_mimalloc,mimalloc,bench_mimalloc,mimalloc,vec::bench_from_elem_1000,true,1,1,133.84,133.84,0.18000000000000682,133.59,134.02000000000001,0.88389908862765831,0.77215917526012701,0.77215917526012701
bench_mimalloc,mimalloc,bench_mimalloc,mimalloc,vec::bench_from_elem_1000,true,2,2,134.02000000000001,133.84,0.18000000000000682,133.59,134.02000000000001,0.88389908862765831,0.77215917526012701,0.77215917526012701
bench_mimalloc,mimalloc,bench_mimalloc,mimalloc,vec::bench_from_elem_1000,true,3,3,133.59,133.84,0.18000000000000682,133.59,134.02000000000001,0.88389908862765831,0.77215917526012701,0.77215917526012701
bench_tcmalloc,tcmalloc,bench_tcmalloc,TCMalloc,vec::bench_from_elem_1000,true,1,1,132.63999999999999,132.84,0.039999999999992042,132.63999999999999,132.88,0.87729494122308815,0.76406462127847108,0.76406462127847108
bench_tcmalloc,tcmalloc,bench_tcmalloc,TCMalloc,vec::bench_from_elem_1000,true,2,2,132.84,132.84,0.039999999999992042,132.63999999999999,132.88,0.87729494122308815,0.76406462127847108,0.76406462127847108
bench_tcmalloc,tcmalloc,bench_tcmalloc,TCMalloc,vec::bench_from_elem_1000,true,3,3,132.88,132.84,0.039999999999992042,132.63999999999999,132.88,0.87729494122308815,0.76406462127847108,0.76406462127847108
bench_snmalloc,snmalloc,bench_snmalloc,snmalloc,vec::bench_from_elem_1000,true,1,1,134.87,134.87,0.0099999999999909051,134.86000000000001,134.88999999999999,0.89070136045436543,0.79324362672494542,0.79324362672494542
bench_snmalloc,snmalloc,bench_snmalloc,snmalloc,vec::bench_from_elem_1000,true,2,2,134.86000000000001,134.87,0.0099999999999909051,134.86000000000001,134.88999999999999,0.89070136045436543,0.79324362672494542,0.79324362672494542
bench_snmalloc,snmalloc,bench_snmalloc,snmalloc,vec::bench_from_elem_1000,true,3,3,134.88999999999999,134.87,0.0099999999999909051,134.86000000000001,134.88999999999999,0.89070136045436543,0.79324362672494542,0.79324362672494542
bench_scudo,scudo,bench_scudo,Scudo,vec::bench_from_elem_1000,true,1,1,153.30000000000001,153.31999999999999,0.01999999999998181,153.30000000000001,153.61000000000001,1.0125478800686831,0.89677931758908924,0.89677931758908924
bench_scudo,scudo,bench_scudo,Scudo,vec::bench_from_elem_1000,true,2,2,153.31999999999999,153.31999999999999,0.01999999999998181,153.30000000000001,153.61000000000001,1.0125478800686831,0.89677931758908924,0.89677931758908924
bench_scudo,scudo,bench_scudo,Scudo,vec::bench_from_elem_1000,true,3,3,153.61000000000001,153.31999999999999,0.01999999999998181,153.30000000000001,153.61000000000001,1.0125478800686831,0.89677931758908924,0.89677931758908924
bench_ourself,unialloc,bench_ourself,UniAlloc,vec::bench_extend_1000_1000,true,1,1,638.29999999999995,638.29999999999995,1.4199999999999591,636.88,668.71000000000004,1,1,1
bench_ourself,unialloc,bench_ourself,UniAlloc,vec::bench_extend_1000_1000,true,2,2,636.88,638.29999999999995,1.4199999999999591,636.88,668.71000000000004,1,1,1
bench_ourself,unialloc,bench_ourself,UniAlloc,vec::bench_extend_1000_1000,true,3,3,668.71000000000004,638.29999999999995,1.4199999999999591,636.88,668.71000000000004,1,1,1
bench_ptmalloc,ptmalloc,bench_ptmalloc,ptmalloc,vec::bench_extend_1000_1000,true,1,1,469.87,469.87,0,469.87,470.16000000000003,0.7361272129092904,0.81232787988481392,0.81232787988481392
bench_ptmalloc,ptmalloc,bench_ptmalloc,ptmalloc,vec::bench_extend_1000_1000,true,2,2,470.16000000000003,469.87,0,469.87,470.16000000000003,0.7361272129092904,0.81232787988481392,0.81232787988481392
bench_ptmalloc,ptmalloc,bench_ptmalloc,ptmalloc,vec::bench_extend_1000_1000,true,3,3,469.87,469.87,0,469.87,470.16000000000003,0.7361272129092904,0.81232787988481392,0.81232787988481392
bench_jemalloc,jemalloc,bench_jemalloc,jemalloc,vec::bench_extend_1000_1000,true,1,1,425.08999999999997,486.64999999999998,37.07000000000005,425.08999999999997,523.72000000000003,0.7624157919473602,0.81557727656763457,0.81557727656763457
bench_jemalloc,jemalloc,bench_jemalloc,jemalloc,vec::bench_extend_1000_1000,true,2,2,486.64999999999998,486.64999999999998,37.07000000000005,425.08999999999997,523.72000000000003,0.7624157919473602,0.81557727656763457,0.81557727656763457
bench_jemalloc,jemalloc,bench_jemalloc,jemalloc,vec::bench_extend_1000_1000,true,3,3,523.72000000000003,486.64999999999998,37.07000000000005,425.08999999999997,523.72000000000003,0.7624157919473602,0.81557727656763457,0.81557727656763457
bench_mimalloc,mimalloc,bench_mimalloc,mimalloc,vec::bench_extend_1000_1000,true,1,1,443.38,439.44999999999999,1.5199999999999818,437.93000000000001,443.38,0.68846937176876077,0.77215917526012701,0.77215917526012701
bench_mimalloc,mimalloc,bench_mimalloc,mimalloc,vec::bench_extend_1000_1000,true,2,2,437.93000000000001,439.44999999999999,1.5199999999999818,437.93000000000001,443.38,0.68846937176876077,0.77215917526012701,0.77215917526012701
bench_mimalloc,mimalloc,bench_mimalloc,mimalloc,vec::bench_extend_1000_1000,true,3,3,439.44999999999999,439.44999999999999,1.5199999999999818,437.93000000000001,443.38,0.68846937176876077,0.77215917526012701,0.77215917526012701
bench_tcmalloc,tcmalloc,bench_tcmalloc,TCMalloc,vec::bench_extend_1000_1000,true,1,1,414.42000000000002,414.42000000000002,2.0500000000000114,412.37,419.25999999999999,0.64925583581388069,0.76406462127847108,0.76406462127847108
bench_tcmalloc,tcmalloc,bench_tcmalloc,TCMalloc,vec::bench_extend_1000_1000,true,2,2,419.25999999999999,414.42000000000002,2.0500000000000114,412.37,419.25999999999999,0.64925583581388069,0.76406462127847108,0.76406462127847108
bench_tcmalloc,tcmalloc,bench_tcmalloc,TCMalloc,vec::bench_extend_1000_1000,true,3,3,412.37,414.42000000000002,2.0500000000000114,412.37,419.25999999999999,0.64925583581388069,0.76406462127847108,0.76406462127847108
bench_snmalloc,snmalloc,bench_snmalloc,snmalloc,vec::bench_extend_1000_1000,true,1,1,495.94,500.07999999999998,0.090000000000031832,495.94,500.17000000000002,0.78345605514648287,0.79324362672494542,0.79324362672494542
bench_snmalloc,snmalloc,bench_snmalloc,snmalloc,vec::bench_extend_1000_1000,true,2,2,500.17000000000002,500.07999999999998,0.090000000000031832,495.94,500.17000000000002,0.78345605514648287,0.79324362672494542,0.79324362672494542
bench_snmalloc,snmalloc,bench_snmalloc,snmalloc,vec::bench_extend_1000_1000,true,3,3,500.07999999999998,500.07999999999998,0.090000000000031832,495.94,500.17000000000002,0.78345605514648287,0.79324362672494542,0.79324362672494542
bench_scudo,scudo,bench_scudo,Scudo,vec::bench_extend_1000_1000,true,1,1,492.25,503.85000000000002,2.339999999999975,492.25,506.19,0.78936236879210409,0.89677931758908924,0.89677931758908924
bench_scudo,scudo,bench_scudo,Scudo,vec::bench_extend_1000_1000,true,2,2,506.19,503.85000000000002,2.339999999999975,492.25,506.19,0.78936236879210409,0.89677931758908924,0.89677931758908924
bench_scudo,scudo,bench_scudo,Scudo,vec::bench_extend_1000_1000,true,3,3,503.85000000000002,503.85000000000002,2.339999999999975,492.25,506.19,0.78936236879210409,0.89677931758908924,0.89677931758908924
bench_ourself,unialloc,bench_ourself,UniAlloc,vec_deque::bench_grow_1025,true,1,1,1189.8,1192.04,2.2400000000000091,1189.8,1208.29,1,1,1
bench_ourself,unialloc,bench_ourself,UniAlloc,vec_deque::bench_grow_1025,true,2,2,1192.04,1192.04,2.2400000000000091,1189.8,1208.29,1,1,1
bench_ourself,unialloc,bench_ourself,UniAlloc,vec_deque::bench_grow_1025,true,3,3,1208.29,1192.04,2.2400000000000091,1189.8,1208.29,1,1,1
bench_ptmalloc,ptmalloc,bench_ptmalloc,ptmalloc,vec_deque::bench_grow_1025,true,1,1,1075.8,1080.79,0.80999999999994543,1075.8,1081.5999999999999,0.90667259487936647,0.81232787988481392,0.81232787988481392
bench_ptmalloc,ptmalloc,bench_ptmalloc,ptmalloc,vec_deque::bench_grow_1025,true,2,2,1080.79,1080.79,0.80999999999994543,1075.8,1081.5999999999999,0.90667259487936647,0.81232787988481392,0.81232787988481392
bench_ptmalloc,ptmalloc,bench_ptmalloc,ptmalloc,vec_deque::bench_grow_1025,true,3,3,1081.5999999999999,1080.79,0.80999999999994543,1075.8,1081.5999999999999,0.90667259487936647,0.81232787988481392,0.81232787988481392
bench_jemalloc,jemalloc,bench_jemalloc,jemalloc,vec_deque::bench_grow_1025,true,1,1,1142.52,1142.52,0.43000000000006366,1142.0899999999999,1176.28,0.95845776987349418,0.81557727656763457,0.81557727656763457
bench_jemalloc,jemalloc,bench_jemalloc,jemalloc,vec_deque::bench_grow_1025,true,2,2,1176.28,1142.52,0.43000000000006366,1142.0899999999999,1176.28,0.95845776987349418,0.81557727656763457,0.81557727656763457
bench_jemalloc,jemalloc,bench_jemalloc,jemalloc,vec_deque::bench_grow_1025,true,3,3,1142.0899999999999,1142.52,0.43000000000006366,1142.0899999999999,1176.28,0.95845776987349418,0.81557727656763457,0.81557727656763457
bench_mimalloc,mimalloc,bench_mimalloc,mimalloc,vec_deque::bench_grow_1025,true,1,1,1109.6600000000001,1111.0599999999999,1.3999999999998636,1109.6600000000001,1114.1099999999999,0.93206603805241428,0.77215917526012701,0.77215917526012701
bench_mimalloc,mimalloc,bench_mimalloc,mimalloc,vec_deque::bench_grow_1025,true,2,2,1114.1099999999999,1111.0599999999999,1.3999999999998636,1109.6600000000001,1114.1099999999999,0.93206603805241428,0.77215917526012701,0.77215917526012701
bench_mimalloc,mimalloc,bench_mimalloc,mimalloc,vec_deque::bench_grow_1025,true,3,3,1111.0599999999999,1111.0599999999999,1.3999999999998636,1109.6600000000001,1114.1099999999999,0.93206603805241428,0.77215917526012701,0.77215917526012701
bench_tcmalloc,tcmalloc,bench_tcmalloc,TCMalloc,vec_deque::bench_grow_1025,true,1,1,1067.01,1067.01,1.3299999999999272,1065.6800000000001,1081.1800000000001,0.89511258011476125,0.76406462127847108,0.76406462127847108
bench_tcmalloc,tcmalloc,bench_tcmalloc,TCMalloc,vec_deque::bench_grow_1025,true,2,2,1065.6800000000001,1067.01,1.3299999999999272,1065.6800000000001,1081.1800000000001,0.89511258011476125,0.76406462127847108,0.76406462127847108
bench_tcmalloc,tcmalloc,bench_tcmalloc,TCMalloc,vec_deque::bench_grow_1025,true,3,3,1081.1800000000001,1067.01,1.3299999999999272,1065.6800000000001,1081.1800000000001,0.89511258011476125,0.76406462127847108,0.76406462127847108
bench_snmalloc,snmalloc,bench_snmalloc,snmalloc,vec_deque::bench_grow_1025,true,1,1,1154.1700000000001,1102.3,1.5999999999999091,1100.7,1154.1700000000001,0.92471729136606151,0.79324362672494542,0.79324362672494542
bench_snmalloc,snmalloc,bench_snmalloc,snmalloc,vec_deque::bench_grow_1025,true,2,2,1100.7,1102.3,1.5999999999999091,1100.7,1154.1700000000001,0.92471729136606151,0.79324362672494542,0.79324362672494542
bench_snmalloc,snmalloc,bench_snmalloc,snmalloc,vec_deque::bench_grow_1025,true,3,3,1102.3,1102.3,1.5999999999999091,1100.7,1154.1700000000001,0.92471729136606151,0.79324362672494542,0.79324362672494542
bench_scudo,scudo,bench_scudo,Scudo,vec_deque::bench_grow_1025,true,1,1,1343,1352.54,9.5399999999999636,1343,1367.8599999999999,1.1346431327807791,0.89677931758908924,0.89677931758908924
bench_scudo,scudo,bench_scudo,Scudo,vec_deque::bench_grow_1025,true,2,2,1352.54,1352.54,9.5399999999999636,1343,1367.8599999999999,1.1346431327807791,0.89677931758908924,0.89677931758908924
bench_scudo,scudo,bench_scudo,Scudo,vec_deque::bench_grow_1025,true,3,3,1367.8599999999999,1352.54,9.5399999999999636,1343,1367.8599999999999,1.1346431327807791,0.89677931758908924,0.89677931758908924
